year,month,basis,fsc_or_place_of_birth,visa_class,issuances,source_file,source_row
2023,9,FSC,Afghanistan,CR1,12,2023-09_dos_iv_fsc_pob_visa_class.xlsx,3
2023,9,FSC,Afghanistan,DV,87,2023-09_dos_iv_fsc_pob_visa_class.xlsx,4
2023,9,FSC,Afghanistan,E2,4,2023-09_dos_iv_fsc_pob_visa_class.xlsx,5
2023,9,FSC,Afghanistan,F2A,3,2023-09_dos_iv_fsc_pob_visa_class.xlsx,6
2023,9,FSC,Afghanistan,F4,4,2023-09_dos_iv_fsc_pob_visa_class.xlsx,7
2023,9,FSC,Afghanistan,IR1,16,2023-09_dos_iv_fsc_pob_visa_class.xlsx,8
2023,9,FSC,Afghanistan,IR2,5,2023-09_dos_iv_fsc_pob_visa_class.xlsx,9
2023,9,FSC,Afghanistan,IR5,64,2023-09_dos_iv_fsc_pob_visa_class.xlsx,10
2023,9,FSC,Afghanistan,SB1,1,2023-09_dos_iv_fsc_pob_visa_class.xlsx,11
2023,9,FSC,Afghanistan,SI1,1,2023-09_dos_iv_fsc_pob_visa_class.xlsx,12
2023,9,FSC,Afghanistan,SI2,1,2023-09_dos_iv_fsc_pob_visa_class.xlsx,13
2023,9,FSC,Afghanistan,SI3,5,2023-09_dos_iv_fsc_pob_visa_class.xlsx,14
2023,9,FSC,Afghanistan,SQ1,217,2023-09_dos_iv_fsc_pob_visa_class.xlsx,15
2023,9,FSC,Afghanistan,SQ2,171,2023-09_dos_iv_fsc_pob_visa_class.xlsx,16
2023,9,FSC,Afghanistan,SQ3,469,2023-09_dos_iv_fsc_pob_visa_class.xlsx,17
2023,9,FSC,Albania,CR1,6,2023-09_dos_iv_fsc_pob_visa_class.xlsx,18
2023,9,FSC,Albania,DV,7,2023-09_dos_iv_fsc_pob_visa_class.xlsx,19
2023,9,FSC,Albania,EW,8,2023-09_dos_iv_fsc_pob_visa_class.xlsx,20
2023,9,FSC,Albania,F2B,1,2023-09_dos_iv_fsc_pob_visa_class.xlsx,21
2023,9,FSC,Albania,F3,15,2023-09_dos_iv_fsc_pob_visa_class.xlsx,22
2023,9,FSC,Albania,F4,12,2023-09_dos_iv_fsc_pob_visa_class.xlsx,23
2023,9,FSC,Albania,IR1,4,2023-09_dos_iv_fsc_pob_visa_class.xlsx,24
2023,9,FSC,Albania,IR5,48,2023-09_dos_iv_fsc_pob_visa_class.xlsx,25
2023,9,FSC,Albania,SB1,1,2023-09_dos_iv_fsc_pob_visa_class.xlsx,26
2023,9,FSC,Algeria,CR1,23,2023-09_dos_iv_fsc_pob_visa_class.xlsx,27
2023,9,FSC,Algeria,IR1,4,2023-09_dos_iv_fsc_pob_visa_class.xlsx,28
2023,9,FSC,Algeria,IR2,2,2023-09_dos_iv_fsc_pob_visa_class.xlsx,29
2023,9,FSC,Algeria,IR4,2,2023-09_dos_iv_fsc_pob_visa_class.xlsx,30
2023,9,FSC,Algeria,IR5,25,2023-09_dos_iv_fsc_pob_visa_class.xlsx,31
2023,9,FSC,Algeria,SQ2,1,2023-09_dos_iv_fsc_pob_visa_class.xlsx,32
2023,9,FSC,Angola,DV,11,2023-09_dos_iv_fsc_pob_visa_class.xlsx,33
2023,9,FSC,Angola,F1,1,2023-09_dos_iv_fsc_pob_visa_class.xlsx,34
2023,9,FSC,Angola,IR2,1,2023-09_dos_iv_fsc_pob_visa_class.xlsx,35
2023,9,FSC,Antigua and Barbuda,CR1,2,2023-09_dos_iv_fsc_pob_visa_class.xlsx,36
2023,9,FSC,Antigua and Barbuda,DV,3,2023-09_dos_iv_fsc_pob_visa_class.xlsx,37
2023,9,FSC,Antigua and Barbuda,F3,2,2023-09_dos_iv_fsc_pob_visa_class.xlsx,38
2023,9,FSC,Antigua and Barbuda,IR1,2,2023-09_dos_iv_fsc_pob_visa_class.xlsx,39
2023,9,FSC,Antigua and Barbuda,IR2,2,2023-09_dos_iv_fsc_pob_visa_class.xlsx,40
2023,9,FSC,Antigua and Barbuda,IR5,6,2023-09_dos_iv_fsc_pob_visa_class.xlsx,41
2023,9,FSC,Argentina,CR1,5,2023-09_dos_iv_fsc_pob_visa_class.xlsx,42
2023,9,FSC,Argentina,DV,2,2023-09_dos_iv_fsc_pob_visa_class.xlsx,43
2023,9,FSC,Argentina,E1,13,2023-09_dos_iv_fsc_pob_visa_class.xlsx,44
2023,9,FSC,Argentina,E2,27,2023-09_dos_iv_fsc_pob_visa_class.xlsx,45
2023,9,FSC,Argentina,E3,1,2023-09_dos_iv_fsc_pob_visa_class.xlsx,46
2023,9,FSC,Argentina,F2B,1,2023-09_dos_iv_fsc_pob_visa_class.xlsx,47
2023,9,FSC,Argentina,F4,5,2023-09_dos_iv_fsc_pob_visa_class.xlsx,48
2023,9,FSC,Argentina,IR1,11,2023-09_dos_iv_fsc_pob_visa_class.xlsx,49
2023,9,FSC,Argentina,IR2,2,2023-09_dos_iv_fsc_pob_visa_class.xlsx,50
2023,9,FSC,Argentina,IR5,16,2023-09_dos_iv_fsc_pob_visa_class.xlsx,51
2023,9,FSC,Argentina,SB1,1,2023-09_dos_iv_fsc_pob_visa_class.xlsx,52
2023,9,FSC,Armenia,CR1,3,2023-09_dos_iv_fsc_pob_visa_class.xlsx,53
2023,9,FSC,Armenia,CR2,2,2023-09_dos_iv_fsc_pob_visa_class.xlsx,54
2023,9,FSC,Armenia,DV,27,2023-09_dos_iv_fsc_pob_visa_class.xlsx,55
2023,9,FSC,Armenia,E1,1,2023-09_dos_iv_fsc_pob_visa_class.xlsx,56
2023,9,FSC,Armenia,E2,3,2023-09_dos_iv_fsc_pob_visa_class.xlsx,57
2023,9,FSC,Armenia,F1,7,2023-09_dos_iv_fsc_pob_visa_class.xlsx,58
2023,9,FSC,Armenia,F2A,2,2023-09_dos_iv_fsc_pob_visa_class.xlsx,59
2023,9,FSC,Armenia,F2B,1,2023-09_dos_iv_fsc_pob_visa_class.xlsx,60
2023,9,FSC,Armenia,F3,4,2023-09_dos_iv_fsc_pob_visa_class.xlsx,61
2023,9,FSC,Armenia,F4,3,2023-09_dos_iv_fsc_pob_visa_class.xlsx,62
2023,9,FSC,Armenia,IR1,12,2023-09_dos_iv_fsc_pob_visa_class.xlsx,63
2023,9,FSC,Armenia,IR5,35,2023-09_dos_iv_fsc_pob_visa_class.xlsx,64
2023,9,FSC,Australia,CR1,1,2023-09_dos_iv_fsc_pob_visa_class.xlsx,65
2023,9,FSC,Australia,CR2,1,2023-09_dos_iv_fsc_pob_visa_class.xlsx,66
2023,9,FSC,Australia,DV,11,2023-09_dos_iv_fsc_pob_visa_class.xlsx,67
2023,9,FSC,Australia,E1,2,2023-09_dos_iv_fsc_pob_visa_class.xlsx,68
2023,9,FSC,Australia,E2,3,2023-09_dos_iv_fsc_pob_visa_class.xlsx,69
2023,9,FSC,Australia,E3,1,2023-09_dos_iv_fsc_pob_visa_class.xlsx,70
2023,9,FSC,Australia,F3,5,2023-09_dos_iv_fsc_pob_visa_class.xlsx,71
2023,9,FSC,Australia,F4,3,2023-09_dos_iv_fsc_pob_visa_class.xlsx,72
2023,9,FSC,Australia,IR1,19,2023-09_dos_iv_fsc_pob_visa_class.xlsx,73
2023,9,FSC,Australia,IR2,2,2023-09_dos_iv_fsc_pob_visa_class.xlsx,74
2023,9,FSC,Australia,IR5,1,2023-09_dos_iv_fsc_pob_visa_class.xlsx,75
2023,9,FSC,Austria,CR1,3,2023-09_dos_iv_fsc_pob_visa_class.xlsx,76
2023,9,FSC,Austria,CR2,2,2023-09_dos_iv_fsc_pob_visa_class.xlsx,77
2023,9,FSC,Austria,E2,1,2023-09_dos_iv_fsc_pob_visa_class.xlsx,78
2023,9,FSC,Austria,IR1,5,2023-09_dos_iv_fsc_pob_visa_class.xlsx,79
2023,9,FSC,Azerbaijan,DV,26,2023-09_dos_iv_fsc_pob_visa_class.xlsx,80
2023,9,FSC,Azerbaijan,F1,1,2023-09_dos_iv_fsc_pob_visa_class.xlsx,81
2023,9,FSC,Azerbaijan,F3,2,2023-09_dos_iv_fsc_pob_visa_class.xlsx,82
2023,9,FSC,Azerbaijan,IR1,2,2023-09_dos_iv_fsc_pob_visa_class.xlsx,83
2023,9,FSC,Azerbaijan,IR5,9,2023-09_dos_iv_fsc_pob_visa_class.xlsx,84
2023,9,FSC,Azerbaijan,SB1,2,2023-09_dos_iv_fsc_pob_visa_class.xlsx,85
2023,9,FSC,"Bahamas, The",E1,4,2023-09_dos_iv_fsc_pob_visa_class.xlsx,86
2023,9,FSC,"Bahamas, The",F1,4,2023-09_dos_iv_fsc_pob_visa_class.xlsx,87
2023,9,FSC,"Bahamas, The",IR1,3,2023-09_dos_iv_fsc_pob_visa_class.xlsx,88
2023,9,FSC,"Bahamas, The",IR2,3,2023-09_dos_iv_fsc_pob_visa_class.xlsx,89
2023,9,FSC,"Bahamas, The",IR5,6,2023-09_dos_iv_fsc_pob_visa_class.xlsx,90
2023,9,FSC,Bahrain,CR1,1,2023-09_dos_iv_fsc_pob_visa_class.xlsx,91
2023,9,FSC,Bahrain,DV,2,2023-09_dos_iv_fsc_pob_visa_class.xlsx,92
2023,9,FSC,Bahrain,E3,2,2023-09_dos_iv_fsc_pob_visa_class.xlsx,93
2023,9,FSC,Bahrain,IR1,2,2023-09_dos_iv_fsc_pob_visa_class.xlsx,94
2023,9,FSC,Bangladesh,CR1,12,2023-09_dos_iv_fsc_pob_visa_class.xlsx,95
2023,9,FSC,Bangladesh,E2,20,2023-09_dos_iv_fsc_pob_visa_class.xlsx,96
2023,9,FSC,Bangladesh,E3,4,2023-09_dos_iv_fsc_pob_visa_class.xlsx,97
2023,9,FSC,Bangladesh,EW,33,2023-09_dos_iv_fsc_pob_visa_class.xlsx,98
2023,9,FSC,Bangladesh,F1,1,2023-09_dos_iv_fsc_pob_visa_class.xlsx,99
2023,9,FSC,Bangladesh,F2A,41,2023-09_dos_iv_fsc_pob_visa_class.xlsx,100
2023,9,FSC,Bangladesh,F2B,7,2023-09_dos_iv_fsc_pob_visa_class.xlsx,101
2023,9,FSC,Bangladesh,F3,31,2023-09_dos_iv_fsc_pob_visa_class.xlsx,102
2023,9,FSC,Bangladesh,F4,703,2023-09_dos_iv_fsc_pob_visa_class.xlsx,103
2023,9,FSC,Bangladesh,IR1,104,2023-09_dos_iv_fsc_pob_visa_class.xlsx,104
2023,9,FSC,Bangladesh,IR2,21,2023-09_dos_iv_fsc_pob_visa_class.xlsx,105
2023,9,FSC,Bangladesh,IR4,1,2023-09_dos_iv_fsc_pob_visa_class.xlsx,106
2023,9,FSC,Bangladesh,IR5,195,2023-09_dos_iv_fsc_pob_visa_class.xlsx,107
2023,9,FSC,Bangladesh,SB1,2,2023-09_dos_iv_fsc_pob_visa_class.xlsx,108
2023,9,FSC,Barbados,CR1,1,2023-09_dos_iv_fsc_pob_visa_class.xlsx,109
2023,9,FSC,Barbados,F1,1,2023-09_dos_iv_fsc_pob_visa_class.xlsx,110
2023,9,FSC,Barbados,F3,1,2023-09_dos_iv_fsc_pob_visa_class.xlsx,111
2023,9,FSC,Barbados,IR2,1,2023-09_dos_iv_fsc_pob_visa_class.xlsx,112
2023,9,FSC,Barbados,IR5,1,2023-09_dos_iv_fsc_pob_visa_class.xlsx,113
2023,9,FSC,Belarus,CR1,8,2023-09_dos_iv_fsc_pob_visa_class.xlsx,114
2023,9,FSC,Belarus,DV,23,2023-09_dos_iv_fsc_pob_visa_class.xlsx,115
2023,9,FSC,Belarus,E1,7,2023-09_dos_iv_fsc_pob_visa_class.xlsx,116
2023,9,FSC,Belarus,E2,1,2023-09_dos_iv_fsc_pob_visa_class.xlsx,117
2023,9,FSC,Belarus,E3,1,2023-09_dos_iv_fsc_pob_visa_class.xlsx,118
2023,9,FSC,Belarus,F1,6,2023-09_dos_iv_fsc_pob_visa_class.xlsx,119
2023,9,FSC,Belarus,F4,2,2023-09_dos_iv_fsc_pob_visa_class.xlsx,120
2023,9,FSC,Belarus,IR1,1,2023-09_dos_iv_fsc_pob_visa_class.xlsx,121
2023,9,FSC,Belarus,IR2,1,2023-09_dos_iv_fsc_pob_visa_class.xlsx,122
2023,9,FSC,Belarus,IR5,51,2023-09_dos_iv_fsc_pob_visa_class.xlsx,123
2023,9,FSC,Belgium,CR1,6,2023-09_dos_iv_fsc_pob_visa_class.xlsx,124
2023,9,FSC,Belgium,E1,3,2023-09_dos_iv_fsc_pob_visa_class.xlsx,125
2023,9,FSC,Belgium,E2,4,2023-09_dos_iv_fsc_pob_visa_class.xlsx,126
2023,9,FSC,Belgium,IR1,3,2023-09_dos_iv_fsc_pob_visa_class.xlsx,127
2023,9,FSC,Belize,CR1,2,2023-09_dos_iv_fsc_pob_visa_class.xlsx,128
2023,9,FSC,Belize,F1,2,2023-09_dos_iv_fsc_pob_visa_class.xlsx,129
2023,9,FSC,Belize,F4,1,2023-09_dos_iv_fsc_pob_visa_class.xlsx,130
2023,9,FSC,Belize,IR1,2,2023-09_dos_iv_fsc_pob_visa_class.xlsx,131
2023,9,FSC,Belize,IR2,6,2023-09_dos_iv_fsc_pob_visa_class.xlsx,132
2023,9,FSC,Belize,IR5,10,2023-09_dos_iv_fsc_pob_visa_class.xlsx,133
2023,9,FSC,Benin,DV,1,2023-09_dos_iv_fsc_pob_visa_class.xlsx,134
2023,9,FSC,Benin,IR1,10,2023-09_dos_iv_fsc_pob_visa_class.xlsx,135
2023,9,FSC,Benin,IR2,9,2023-09_dos_iv_fsc_pob_visa_class.xlsx,136
2023,9,FSC,Benin,IR5,7,2023-09_dos_iv_fsc_pob_visa_class.xlsx,137
2023,9,FSC,Bermuda,CR1,1,2023-09_dos_iv_fsc_pob_visa_class.xlsx,138
2023,9,FSC,Bermuda,IR1,1,2023-09_dos_iv_fsc_pob_visa_class.xlsx,139
2023,9,FSC,Bermuda,IR5,1,2023-09_dos_iv_fsc_pob_visa_class.xlsx,140
2023,9,FSC,Bhutan,IR2,1,2023-09_dos_iv_fsc_pob_visa_class.xlsx,141
2023,9,FSC,Bhutan,IR5,1,2023-09_dos_iv_fsc_pob_visa_class.xlsx,142
2023,9,FSC,Bolivia,CR1,3,2023-09_dos_iv_fsc_pob_visa_class.xlsx,143
2023,9,FSC,Bolivia,E2,4,2023-09_dos_iv_fsc_pob_visa_class.xlsx,144
2023,9,FSC,Bolivia,E3,1,2023-09_dos_iv_fsc_pob_visa_class.xlsx,145
2023,9,FSC,Bolivia,F1,2,2023-09_dos_iv_fsc_pob_visa_class.xlsx,146
2023,9,FSC,Bolivia,F2A,3,2023-09_dos_iv_fsc_pob_visa_class.xlsx,147
2023,9,FSC,Bolivia,F3,4,2023-09_dos_iv_fsc_pob_visa_class.xlsx,148
2023,9,FSC,Bolivia,F4,3,2023-09_dos_iv_fsc_pob_visa_class.xlsx,149
2023,9,FSC,Bolivia,I5,2,2023-09_dos_iv_fsc_pob_visa_class.xlsx,150
2023,9,FSC,Bolivia,IR1,5,2023-09_dos_iv_fsc_pob_visa_class.xlsx,151
2023,9,FSC,Bolivia,IR2,6,2023-09_dos_iv_fsc_pob_visa_class.xlsx,152
2023,9,FSC,Bolivia,IR5,14,2023-09_dos_iv_fsc_pob_visa_class.xlsx,153
2023,9,FSC,Bosnia-Herzegovina,CR1,1,2023-09_dos_iv_fsc_pob_visa_class.xlsx,154
2023,9,FSC,Bosnia-Herzegovina,E1,1,2023-09_dos_iv_fsc_pob_visa_class.xlsx,155
2023,9,FSC,Bosnia-Herzegovina,IR1,4,2023-09_dos_iv_fsc_pob_visa_class.xlsx,156
2023,9,FSC,Bosnia-Herzegovina,IR5,3,2023-09_dos_iv_fsc_pob_visa_class.xlsx,157
2023,9,FSC,Brazil,CR1,19,2023-09_dos_iv_fsc_pob_visa_class.xlsx,158
2023,9,FSC,Brazil,CR2,5,2023-09_dos_iv_fsc_pob_visa_class.xlsx,159
2023,9,FSC,Brazil,E1,26,2023-09_dos_iv_fsc_pob_visa_class.xlsx,160
2023,9,FSC,Brazil,E2,352,2023-09_dos_iv_fsc_pob_visa_class.xlsx,161
2023,9,FSC,Brazil,E3,11,2023-09_dos_iv_fsc_pob_visa_class.xlsx,162
2023,9,FSC,Brazil,EW,10,2023-09_dos_iv_fsc_pob_visa_class.xlsx,163
2023,9,FSC,Brazil,F1,5,2023-09_dos_iv_fsc_pob_visa_class.xlsx,164
2023,9,FSC,Brazil,F2A,1,2023-09_dos_iv_fsc_pob_visa_class.xlsx,165
2023,9,FSC,Brazil,F3,4,2023-09_dos_iv_fsc_pob_visa_class.xlsx,166
2023,9,FSC,Brazil,F4,7,2023-09_dos_iv_fsc_pob_visa_class.xlsx,167
2023,9,FSC,Brazil,IH3,4,2023-09_dos_iv_fsc_pob_visa_class.xlsx,168
2023,9,FSC,Brazil,IR1,37,2023-09_dos_iv_fsc_pob_visa_class.xlsx,169
2023,9,FSC,Brazil,IR2,27,2023-09_dos_iv_fsc_pob_visa_class.xlsx,170
2023,9,FSC,Brazil,IR5,63,2023-09_dos_iv_fsc_pob_visa_class.xlsx,171
2023,9,FSC,Brazil,SB1,2,2023-09_dos_iv_fsc_pob_visa_class.xlsx,172
2023,9,FSC,Brunei,E3,3,2023-09_dos_iv_fsc_pob_visa_class.xlsx,173
2023,9,FSC,Bulgaria,CR1,3,2023-09_dos_iv_fsc_pob_visa_class.xlsx,174
2023,9,FSC,Bulgaria,DV,1,2023-09_dos_iv_fsc_pob_visa_class.xlsx,175
2023,9,FSC,Bulgaria,E2,1,2023-09_dos_iv_fsc_pob_visa_class.xlsx,176
2023,9,FSC,Bulgaria,F1,1,2023-09_dos_iv_fsc_pob_visa_class.xlsx,177
2023,9,FSC,Bulgaria,F2A,1,2023-09_dos_iv_fsc_pob_visa_class.xlsx,178
2023,9,FSC,Bulgaria,IH3,7,2023-09_dos_iv_fsc_pob_visa_class.xlsx,179
2023,9,FSC,Bulgaria,IR1,4,2023-09_dos_iv_fsc_pob_visa_class.xlsx,180
2023,9,FSC,Bulgaria,IR5,11,2023-09_dos_iv_fsc_pob_visa_class.xlsx,181
2023,9,FSC,Burkina Faso,CR1,1,2023-09_dos_iv_fsc_pob_visa_class.xlsx,182
2023,9,FSC,Burkina Faso,DV,1,2023-09_dos_iv_fsc_pob_visa_class.xlsx,183
2023,9,FSC,Burkina Faso,IR1,1,2023-09_dos_iv_fsc_pob_visa_class.xlsx,184
2023,9,FSC,Burkina Faso,IR2,2,2023-09_dos_iv_fsc_pob_visa_class.xlsx,185
2023,9,FSC,Burkina Faso,IR5,1,2023-09_dos_iv_fsc_pob_visa_class.xlsx,186
2023,9,FSC,Burma,CR1,2,2023-09_dos_iv_fsc_pob_visa_class.xlsx,187
2023,9,FSC,Burma,E2,1,2023-09_dos_iv_fsc_pob_visa_class.xlsx,188
2023,9,FSC,Burma,E3,2,2023-09_dos_iv_fsc_pob_visa_class.xlsx,189
2023,9,FSC,Burma,EW,17,2023-09_dos_iv_fsc_pob_visa_class.xlsx,190
2023,9,FSC,Burma,F1,4,2023-09_dos_iv_fsc_pob_visa_class.xlsx,191
2023,9,FSC,Burma,F2A,1,2023-09_dos_iv_fsc_pob_visa_class.xlsx,192
2023,9,FSC,Burma,F2B,5,2023-09_dos_iv_fsc_pob_visa_class.xlsx,193
2023,9,FSC,Burma,F3,6,2023-09_dos_iv_fsc_pob_visa_class.xlsx,194
2023,9,FSC,Burma,F4,52,2023-09_dos_iv_fsc_pob_visa_class.xlsx,195
2023,9,FSC,Burma,IR1,22,2023-09_dos_iv_fsc_pob_visa_class.xlsx,196
2023,9,FSC,Burma,IR2,6,2023-09_dos_iv_fsc_pob_visa_class.xlsx,197
2023,9,FSC,Burma,IR5,26,2023-09_dos_iv_fsc_pob_visa_class.xlsx,198
2023,9,FSC,Burma,SB1,2,2023-09_dos_iv_fsc_pob_visa_class.xlsx,199
2023,9,FSC,Burundi,CR1,1,2023-09_dos_iv_fsc_pob_visa_class.xlsx,200
2023,9,FSC,Burundi,DV,3,2023-09_dos_iv_fsc_pob_visa_class.xlsx,201
2023,9,FSC,Burundi,IR1,2,2023-09_dos_iv_fsc_pob_visa_class.xlsx,202
2023,9,FSC,Burundi,IR5,1,2023-09_dos_iv_fsc_pob_visa_class.xlsx,203
2023,9,FSC,Cabo Verde,F1,21,2023-09_dos_iv_fsc_pob_visa_class.xlsx,204
2023,9,FSC,Cabo Verde,F2A,5,2023-09_dos_iv_fsc_pob_visa_class.xlsx,205
2023,9,FSC,Cabo Verde,F2B,35,2023-09_dos_iv_fsc_pob_visa_class.xlsx,206
2023,9,FSC,Cabo Verde,F4,1,2023-09_dos_iv_fsc_pob_visa_class.xlsx,207
2023,9,FSC,Cabo Verde,FX,3,2023-09_dos_iv_fsc_pob_visa_class.xlsx,208
2023,9,FSC,Cabo Verde,IR1,4,2023-09_dos_iv_fsc_pob_visa_class.xlsx,209
2023,9,FSC,Cabo Verde,IR2,13,2023-09_dos_iv_fsc_pob_visa_class.xlsx,210
2023,9,FSC,Cabo Verde,IR5,19,2023-09_dos_iv_fsc_pob_visa_class.xlsx,211
2023,9,FSC,Cambodia,CR1,18,2023-09_dos_iv_fsc_pob_visa_class.xlsx,212
2023,9,FSC,Cambodia,CR2,1,2023-09_dos_iv_fsc_pob_visa_class.xlsx,213
2023,9,FSC,Cambodia,EW,4,2023-09_dos_iv_fsc_pob_visa_class.xlsx,214
2023,9,FSC,Cambodia,F1,1,2023-09_dos_iv_fsc_pob_visa_class.xlsx,215
2023,9,FSC,Cambodia,F2A,1,2023-09_dos_iv_fsc_pob_visa_class.xlsx,216
2023,9,FSC,Cambodia,F3,9,2023-09_dos_iv_fsc_pob_visa_class.xlsx,217
2023,9,FSC,Cambodia,F4,9,2023-09_dos_iv_fsc_pob_visa_class.xlsx,218
2023,9,FSC,Cambodia,FX,2,2023-09_dos_iv_fsc_pob_visa_class.xlsx,219
2023,9,FSC,Cambodia,IR1,15,2023-09_dos_iv_fsc_pob_visa_class.xlsx,220
2023,9,FSC,Cambodia,IR2,9,2023-09_dos_iv_fsc_pob_visa_class.xlsx,221
2023,9,FSC,Cambodia,IR5,89,2023-09_dos_iv_fsc_pob_visa_class.xlsx,222
2023,9,FSC,Cambodia,IW,1,2023-09_dos_iv_fsc_pob_visa_class.xlsx,223
2023,9,FSC,Cambodia,SB1,1,2023-09_dos_iv_fsc_pob_visa_class.xlsx,224
2023,9,FSC,Cameroon,CR1,13,2023-09_dos_iv_fsc_pob_visa_class.xlsx,225
2023,9,FSC,Cameroon,DV,34,2023-09_dos_iv_fsc_pob_visa_class.xlsx,226
2023,9,FSC,Cameroon,E1,4,2023-09_dos_iv_fsc_pob_visa_class.xlsx,227
2023,9,FSC,Cameroon,E2,1,2023-09_dos_iv_fsc_pob_visa_class.xlsx,228
2023,9,FSC,Cameroon,F1,1,2023-09_dos_iv_fsc_pob_visa_class.xlsx,229
2023,9,FSC,Cameroon,F2A,1,2023-09_dos_iv_fsc_pob_visa_class.xlsx,230
2023,9,FSC,Cameroon,F2B,4,2023-09_dos_iv_fsc_pob_visa_class.xlsx,231
2023,9,FSC,Cameroon,F4,5,2023-09_dos_iv_fsc_pob_visa_class.xlsx,232
2023,9,FSC,Cameroon,IR1,22,2023-09_dos_iv_fsc_pob_visa_class.xlsx,233
2023,9,FSC,Cameroon,IR2,31,2023-09_dos_iv_fsc_pob_visa_class.xlsx,234
2023,9,FSC,Cameroon,IR3,3,2023-09_dos_iv_fsc_pob_visa_class.xlsx,235
2023,9,FSC,Cameroon,IR5,103,2023-09_dos_iv_fsc_pob_visa_class.xlsx,236
2023,9,FSC,Cameroon,IW,4,2023-09_dos_iv_fsc_pob_visa_class.xlsx,237
2023,9,FSC,Cameroon,SB1,1,2023-09_dos_iv_fsc_pob_visa_class.xlsx,238
2023,9,FSC,Canada,CR1,13,2023-09_dos_iv_fsc_pob_visa_class.xlsx,239
2023,9,FSC,Canada,E1,8,2023-09_dos_iv_fsc_pob_visa_class.xlsx,240
2023,9,FSC,Canada,E2,11,2023-09_dos_iv_fsc_pob_visa_class.xlsx,241
2023,9,FSC,Canada,E3,5,2023-09_dos_iv_fsc_pob_visa_class.xlsx,242
2023,9,FSC,Canada,F1,3,2023-09_dos_iv_fsc_pob_visa_class.xlsx,243
2023,9,FSC,Canada,F2B,4,2023-09_dos_iv_fsc_pob_visa_class.xlsx,244
2023,9,FSC,Canada,F3,2,2023-09_dos_iv_fsc_pob_visa_class.xlsx,245
2023,9,FSC,Canada,F4,6,2023-09_dos_iv_fsc_pob_visa_class.xlsx,246
2023,9,FSC,Canada,IR1,40,2023-09_dos_iv_fsc_pob_visa_class.xlsx,247
2023,9,FSC,Canada,IR2,18,2023-09_dos_iv_fsc_pob_visa_class.xlsx,248
2023,9,FSC,Canada,IR5,3,2023-09_dos_iv_fsc_pob_visa_class.xlsx,249
2023,9,FSC,Canada,SR,5,2023-09_dos_iv_fsc_pob_visa_class.xlsx,250
2023,9,FSC,Central African Republic,IR1,2,2023-09_dos_iv_fsc_pob_visa_class.xlsx,251
2023,9,FSC,Chad,CR1,1,2023-09_dos_iv_fsc_pob_visa_class.xlsx,252
2023,9,FSC,Chad,DV,2,2023-09_dos_iv_fsc_pob_visa_class.xlsx,253
2023,9,FSC,Chile,CR1,2,2023-09_dos_iv_fsc_pob_visa_class.xlsx,254
2023,9,FSC,Chile,DV,1,2023-09_dos_iv_fsc_pob_visa_class.xlsx,255
2023,9,FSC,Chile,FX,1,2023-09_dos_iv_fsc_pob_visa_class.xlsx,256
2023,9,FSC,Chile,IR1,5,2023-09_dos_iv_fsc_pob_visa_class.xlsx,257
2023,9,FSC,Chile,IR2,3,2023-09_dos_iv_fsc_pob_visa_class.xlsx,258
2023,9,FSC,Chile,IR5,3,2023-09_dos_iv_fsc_pob_visa_class.xlsx,259
2023,9,FSC,China - mainland born,CR1,17,2023-09_dos_iv_fsc_pob_visa_class.xlsx,260
2023,9,FSC,China - mainland born,CR2,1,2023-09_dos_iv_fsc_pob_visa_class.xlsx,261
2023,9,FSC,China - mainland born,E1,29,2023-09_dos_iv_fsc_pob_visa_class.xlsx,262
2023,9,FSC,China - mainland born,E2,13,2023-09_dos_iv_fsc_pob_visa_class.xlsx,263
2023,9,FSC,China - mainland born,E3,85,2023-09_dos_iv_fsc_pob_visa_class.xlsx,264
2023,9,FSC,China - mainland born,EW,17,2023-09_dos_iv_fsc_pob_visa_class.xlsx,265
2023,9,FSC,China - mainland born,F1,3,2023-09_dos_iv_fsc_pob_visa_class.xlsx,266
2023,9,FSC,China - mainland born,F2A,3,2023-09_dos_iv_fsc_pob_visa_class.xlsx,267
2023,9,FSC,China - mainland born,F2B,5,2023-09_dos_iv_fsc_pob_visa_class.xlsx,268
2023,9,FSC,China - mainland born,F3,48,2023-09_dos_iv_fsc_pob_visa_class.xlsx,269
2023,9,FSC,China - mainland born,F4,121,2023-09_dos_iv_fsc_pob_visa_class.xlsx,270
2023,9,FSC,China - mainland born,I5,89,2023-09_dos_iv_fsc_pob_visa_class.xlsx,271
2023,9,FSC,China - mainland born,IH3,5,2023-09_dos_iv_fsc_pob_visa_class.xlsx,272
2023,9,FSC,China - mainland born,IR1,86,2023-09_dos_iv_fsc_pob_visa_class.xlsx,273
2023,9,FSC,China - mainland born,IR2,42,2023-09_dos_iv_fsc_pob_visa_class.xlsx,274
2023,9,FSC,China - mainland born,IR5,415,2023-09_dos_iv_fsc_pob_visa_class.xlsx,275
2023,9,FSC,China - mainland born,SB1,13,2023-09_dos_iv_fsc_pob_visa_class.xlsx,276
2023,9,FSC,China - mainland born,T5,2,2023-09_dos_iv_fsc_pob_visa_class.xlsx,277
2023,9,FSC,Colombia,CR1,62,2023-09_dos_iv_fsc_pob_visa_class.xlsx,278
2023,9,FSC,Colombia,CR2,16,2023-09_dos_iv_fsc_pob_visa_class.xlsx,279
2023,9,FSC,Colombia,E1,28,2023-09_dos_iv_fsc_pob_visa_class.xlsx,280
2023,9,FSC,Colombia,E2,126,2023-09_dos_iv_fsc_pob_visa_class.xlsx,281
2023,9,FSC,Colombia,E3,5,2023-09_dos_iv_fsc_pob_visa_class.xlsx,282
2023,9,FSC,Colombia,EW,50,2023-09_dos_iv_fsc_pob_visa_class.xlsx,283
2023,9,FSC,Colombia,F1,27,2023-09_dos_iv_fsc_pob_visa_class.xlsx,284
2023,9,FSC,Colombia,F2A,7,2023-09_dos_iv_fsc_pob_visa_class.xlsx,285
2023,9,FSC,Colombia,F2B,17,2023-09_dos_iv_fsc_pob_visa_class.xlsx,286
2023,9,FSC,Colombia,F3,14,2023-09_dos_iv_fsc_pob_visa_class.xlsx,287
2023,9,FSC,Colombia,F4,43,2023-09_dos_iv_fsc_pob_visa_class.xlsx,288
2023,9,FSC,Colombia,FX,2,2023-09_dos_iv_fsc_pob_visa_class.xlsx,289
2023,9,FSC,Colombia,IB1,1,2023-09_dos_iv_fsc_pob_visa_class.xlsx,290
2023,9,FSC,Colombia,IH3,29,2023-09_dos_iv_fsc_pob_visa_class.xlsx,291
2023,9,FSC,Colombia,IR1,84,2023-09_dos_iv_fsc_pob_visa_class.xlsx,292
2023,9,FSC,Colombia,IR2,63,2023-09_dos_iv_fsc_pob_visa_class.xlsx,293
2023,9,FSC,Colombia,IR5,137,2023-09_dos_iv_fsc_pob_visa_class.xlsx,294
2023,9,FSC,Colombia,IW,3,2023-09_dos_iv_fsc_pob_visa_class.xlsx,295
2023,9,FSC,Colombia,SB1,6,2023-09_dos_iv_fsc_pob_visa_class.xlsx,296
2023,9,FSC,Comoros,CR1,1,2023-09_dos_iv_fsc_pob_visa_class.xlsx,297
2023,9,FSC,"Congo, Democratic Republic of the",CR1,8,2023-09_dos_iv_fsc_pob_visa_class.xlsx,298
2023,9,FSC,"Congo, Democratic Republic of the",CR2,2,2023-09_dos_iv_fsc_pob_visa_class.xlsx,299
2023,9,FSC,"Congo, Democratic Republic of the",DV,72,2023-09_dos_iv_fsc_pob_visa_class.xlsx,300
2023,9,FSC,"Congo, Democratic Republic of the",F2B,2,2023-09_dos_iv_fsc_pob_visa_class.xlsx,301
2023,9,FSC,"Congo, Democratic Republic of the",FX,1,2023-09_dos_iv_fsc_pob_visa_class.xlsx,302
2023,9,FSC,"Congo, Democratic Republic of the",IR1,23,2023-09_dos_iv_fsc_pob_visa_class.xlsx,303
2023,9,FSC,"Congo, Democratic Republic of the",IR2,5,2023-09_dos_iv_fsc_pob_visa_class.xlsx,304
2023,9,FSC,"Congo, Democratic Republic of the",IR5,16,2023-09_dos_iv_fsc_pob_visa_class.xlsx,305
2023,9,FSC,"Congo, Republic of the",DV,19,2023-09_dos_iv_fsc_pob_visa_class.xlsx,306
2023,9,FSC,"Congo, Republic of the",IR1,4,2023-09_dos_iv_fsc_pob_visa_class.xlsx,307
2023,9,FSC,"Congo, Republic of the",IR2,3,2023-09_dos_iv_fsc_pob_visa_class.xlsx,308
2023,9,FSC,"Congo, Republic of the",IR5,3,2023-09_dos_iv_fsc_pob_visa_class.xlsx,309
2023,9,FSC,Costa Rica,CR1,4,2023-09_dos_iv_fsc_pob_visa_class.xlsx,310
2023,9,FSC,Costa Rica,CR2,2,2023-09_dos_iv_fsc_pob_visa_class.xlsx,311
2023,9,FSC,Costa Rica,DV,3,2023-09_dos_iv_fsc_pob_visa_class.xlsx,312
2023,9,FSC,Costa Rica,F1,6,2023-09_dos_iv_fsc_pob_visa_class.xlsx,313
2023,9,FSC,Costa Rica,F2B,1,2023-09_dos_iv_fsc_pob_visa_class.xlsx,314
2023,9,FSC,Costa Rica,IR1,6,2023-09_dos_iv_fsc_pob_visa_class.xlsx,315
2023,9,FSC,Costa Rica,IR2,8,2023-09_dos_iv_fsc_pob_visa_class.xlsx,316
2023,9,FSC,Costa Rica,IR5,7,2023-09_dos_iv_fsc_pob_visa_class.xlsx,317
2023,9,FSC,Cote d'Ivoire,CR1,1,2023-09_dos_iv_fsc_pob_visa_class.xlsx,318
2023,9,FSC,Cote d'Ivoire,DV,3,2023-09_dos_iv_fsc_pob_visa_class.xlsx,319
2023,9,FSC,Cote d'Ivoire,F1,2,2023-09_dos_iv_fsc_pob_visa_class.xlsx,320
2023,9,FSC,Cote d'Ivoire,F3,2,2023-09_dos_iv_fsc_pob_visa_class.xlsx,321
2023,9,FSC,Cote d'Ivoire,IR1,11,2023-09_dos_iv_fsc_pob_visa_class.xlsx,322
2023,9,FSC,Cote d'Ivoire,IR2,9,2023-09_dos_iv_fsc_pob_visa_class.xlsx,323
2023,9,FSC,Cote d'Ivoire,IR5,4,2023-09_dos_iv_fsc_pob_visa_class.xlsx,324
2023,9,FSC,Croatia,E1,4,2023-09_dos_iv_fsc_pob_visa_class.xlsx,325
2023,9,FSC,Croatia,F1,1,2023-09_dos_iv_fsc_pob_visa_class.xlsx,326
2023,9,FSC,Croatia,IR2,1,2023-09_dos_iv_fsc_pob_visa_class.xlsx,327
2023,9,FSC,Cuba,CR1,42,2023-09_dos_iv_fsc_pob_visa_class.xlsx,328
2023,9,FSC,Cuba,CR2,4,2023-09_dos_iv_fsc_pob_visa_class.xlsx,329
2023,9,FSC,Cuba,DV,25,2023-09_dos_iv_fsc_pob_visa_class.xlsx,330
2023,9,FSC,Cuba,F1,29,2023-09_dos_iv_fsc_pob_visa_class.xlsx,331
2023,9,FSC,Cuba,F2A,27,2023-09_dos_iv_fsc_pob_visa_class.xlsx,332
2023,9,FSC,Cuba,F2B,12,2023-09_dos_iv_fsc_pob_visa_class.xlsx,333
2023,9,FSC,Cuba,FX,4,2023-09_dos_iv_fsc_pob_visa_class.xlsx,334
2023,9,FSC,Cuba,IR1,56,2023-09_dos_iv_fsc_pob_visa_class.xlsx,335
2023,9,FSC,Cuba,IR2,190,2023-09_dos_iv_fsc_pob_visa_class.xlsx,336
2023,9,FSC,Cuba,IR5,1290,2023-09_dos_iv_fsc_pob_visa_class.xlsx,337
2023,9,FSC,Cuba,IW,1,2023-09_dos_iv_fsc_pob_visa_class.xlsx,338
2023,9,FSC,Curacao,IR1,1,2023-09_dos_iv_fsc_pob_visa_class.xlsx,339
2023,9,FSC,Czech Republic,CR1,1,2023-09_dos_iv_fsc_pob_visa_class.xlsx,340
2023,9,FSC,Czech Republic,DV,1,2023-09_dos_iv_fsc_pob_visa_class.xlsx,341
2023,9,FSC,Czech Republic,E1,1,2023-09_dos_iv_fsc_pob_visa_class.xlsx,342
2023,9,FSC,Czech Republic,IR1,1,2023-09_dos_iv_fsc_pob_visa_class.xlsx,343
2023,9,FSC,Denmark,CR1,2,2023-09_dos_iv_fsc_pob_visa_class.xlsx,344
2023,9,FSC,Denmark,IR1,3,2023-09_dos_iv_fsc_pob_visa_class.xlsx,345
2023,9,FSC,Djibouti,DV,4,2023-09_dos_iv_fsc_pob_visa_class.xlsx,346
2023,9,FSC,Dominica,CR1,2,2023-09_dos_iv_fsc_pob_visa_class.xlsx,347
2023,9,FSC,Dominica,F1,5,2023-09_dos_iv_fsc_pob_visa_class.xlsx,348
2023,9,FSC,Dominica,F3,7,2023-09_dos_iv_fsc_pob_visa_class.xlsx,349
2023,9,FSC,Dominica,IR1,3,2023-09_dos_iv_fsc_pob_visa_class.xlsx,350
2023,9,FSC,Dominica,IR2,3,2023-09_dos_iv_fsc_pob_visa_class.xlsx,351
2023,9,FSC,Dominica,IR5,5,2023-09_dos_iv_fsc_pob_visa_class.xlsx,352
2023,9,FSC,Dominican Republic,CR1,32,2023-09_dos_iv_fsc_pob_visa_class.xlsx,353
2023,9,FSC,Dominican Republic,CR2,8,2023-09_dos_iv_fsc_pob_visa_class.xlsx,354
2023,9,FSC,Dominican Republic,F1,837,2023-09_dos_iv_fsc_pob_visa_class.xlsx,355
2023,9,FSC,Dominican Republic,F2A,348,2023-09_dos_iv_fsc_pob_visa_class.xlsx,356
2023,9,FSC,Dominican Republic,F2B,1471,2023-09_dos_iv_fsc_pob_visa_class.xlsx,357
2023,9,FSC,Dominican Republic,F3,89,2023-09_dos_iv_fsc_pob_visa_class.xlsx,358
2023,9,FSC,Dominican Republic,F4,216,2023-09_dos_iv_fsc_pob_visa_class.xlsx,359
2023,9,FSC,Dominican Republic,FX,75,2023-09_dos_iv_fsc_pob_visa_class.xlsx,360
2023,9,FSC,Dominican Republic,IH3,1,2023-09_dos_iv_fsc_pob_visa_class.xlsx,361
2023,9,FSC,Dominican Republic,IR1,521,2023-09_dos_iv_fsc_pob_visa_class.xlsx,362
2023,9,FSC,Dominican Republic,IR2,472,2023-09_dos_iv_fsc_pob_visa_class.xlsx,363
2023,9,FSC,Dominican Republic,IR5,372,2023-09_dos_iv_fsc_pob_visa_class.xlsx,364
2023,9,FSC,Dominican Republic,IW,5,2023-09_dos_iv_fsc_pob_visa_class.xlsx,365
2023,9,FSC,Dominican Republic,SB1,5,2023-09_dos_iv_fsc_pob_visa_class.xlsx,366
2023,9,FSC,Ecuador,CR1,29,2023-09_dos_iv_fsc_pob_visa_class.xlsx,367
2023,9,FSC,Ecuador,CR2,6,2023-09_dos_iv_fsc_pob_visa_class.xlsx,368
2023,9,FSC,Ecuador,DV,13,2023-09_dos_iv_fsc_pob_visa_class.xlsx,369
2023,9,FSC,Ecuador,E1,2,2023-09_dos_iv_fsc_pob_visa_class.xlsx,370
2023,9,FSC,Ecuador,E2,6,2023-09_dos_iv_fsc_pob_visa_class.xlsx,371
2023,9,FSC,Ecuador,E3,2,2023-09_dos_iv_fsc_pob_visa_class.xlsx,372
2023,9,FSC,Ecuador,F1,39,2023-09_dos_iv_fsc_pob_visa_class.xlsx,373
2023,9,FSC,Ecuador,F2A,13,2023-09_dos_iv_fsc_pob_visa_class.xlsx,374
2023,9,FSC,Ecuador,F2B,27,2023-09_dos_iv_fsc_pob_visa_class.xlsx,375
2023,9,FSC,Ecuador,F3,19,2023-09_dos_iv_fsc_pob_visa_class.xlsx,376
2023,9,FSC,Ecuador,F4,46,2023-09_dos_iv_fsc_pob_visa_class.xlsx,377
2023,9,FSC,Ecuador,FX,1,2023-09_dos_iv_fsc_pob_visa_class.xlsx,378
2023,9,FSC,Ecuador,IR1,70,2023-09_dos_iv_fsc_pob_visa_class.xlsx,379
2023,9,FSC,Ecuador,IR2,61,2023-09_dos_iv_fsc_pob_visa_class.xlsx,380
2023,9,FSC,Ecuador,IR5,160,2023-09_dos_iv_fsc_pob_visa_class.xlsx,381
2023,9,FSC,Ecuador,IW,2,2023-09_dos_iv_fsc_pob_visa_class.xlsx,382
2023,9,FSC,Ecuador,SB1,1,2023-09_dos_iv_fsc_pob_visa_class.xlsx,383
2023,9,FSC,Egypt,CR1,4,2023-09_dos_iv_fsc_pob_visa_class.xlsx,384
2023,9,FSC,Egypt,DV,92,2023-09_dos_iv_fsc_pob_visa_class.xlsx,385
2023,9,FSC,Egypt,E2,10,2023-09_dos_iv_fsc_pob_visa_class.xlsx,386
2023,9,FSC,Egypt,F1,8,2023-09_dos_iv_fsc_pob_visa_class.xlsx,387
2023,9,FSC,Egypt,F2A,14,2023-09_dos_iv_fsc_pob_visa_class.xlsx,388
2023,9,FSC,Egypt,F2B,1,2023-09_dos_iv_fsc_pob_visa_class.xlsx,389
2023,9,FSC,Egypt,F3,2,2023-09_dos_iv_fsc_pob_visa_class.xlsx,390
2023,9,FSC,Egypt,F4,57,2023-09_dos_iv_fsc_pob_visa_class.xlsx,391
2023,9,FSC,Egypt,IR1,44,2023-09_dos_iv_fsc_pob_visa_class.xlsx,392
2023,9,FSC,Egypt,IR2,40,2023-09_dos_iv_fsc_pob_visa_class.xlsx,393
2023,9,FSC,Egypt,IR5,28,2023-09_dos_iv_fsc_pob_visa_class.xlsx,394
2023,9,FSC,Egypt,SB1,2,2023-09_dos_iv_fsc_pob_visa_class.xlsx,395
2023,9,FSC,El Salvador,CR1,55,2023-09_dos_iv_fsc_pob_visa_class.xlsx,396
2023,9,FSC,El Salvador,CR2,9,2023-09_dos_iv_fsc_pob_visa_class.xlsx,397
2023,9,FSC,El Salvador,E2,1,2023-09_dos_iv_fsc_pob_visa_class.xlsx,398
2023,9,FSC,El Salvador,E3,2,2023-09_dos_iv_fsc_pob_visa_class.xlsx,399
2023,9,FSC,El Salvador,EW,15,2023-09_dos_iv_fsc_pob_visa_class.xlsx,400
2023,9,FSC,El Salvador,F1,87,2023-09_dos_iv_fsc_pob_visa_class.xlsx,401
2023,9,FSC,El Salvador,F2A,38,2023-09_dos_iv_fsc_pob_visa_class.xlsx,402
2023,9,FSC,El Salvador,F2B,37,2023-09_dos_iv_fsc_pob_visa_class.xlsx,403
2023,9,FSC,El Salvador,F3,34,2023-09_dos_iv_fsc_pob_visa_class.xlsx,404
2023,9,FSC,El Salvador,F4,24,2023-09_dos_iv_fsc_pob_visa_class.xlsx,405
2023,9,FSC,El Salvador,FX,19,2023-09_dos_iv_fsc_pob_visa_class.xlsx,406
2023,9,FSC,El Salvador,IB2,1,2023-09_dos_iv_fsc_pob_visa_class.xlsx,407
2023,9,FSC,El Salvador,IR1,139,2023-09_dos_iv_fsc_pob_visa_class.xlsx,408
2023,9,FSC,El Salvador,IR2,110,2023-09_dos_iv_fsc_pob_visa_class.xlsx,409
2023,9,FSC,El Salvador,IR5,138,2023-09_dos_iv_fsc_pob_visa_class.xlsx,410
2023,9,FSC,El Salvador,IW,3,2023-09_dos_iv_fsc_pob_visa_class.xlsx,411
2023,9,FSC,El Salvador,SB1,1,2023-09_dos_iv_fsc_pob_visa_class.xlsx,412
2023,9,FSC,El Salvador,SU,1,2023-09_dos_iv_fsc_pob_visa_class.xlsx,413
2023,9,FSC,Eritrea,CR1,1,2023-09_dos_iv_fsc_pob_visa_class.xlsx,414
2023,9,FSC,Eritrea,DV,5,2023-09_dos_iv_fsc_pob_visa_class.xlsx,415
2023,9,FSC,Eritrea,F1,2,2023-09_dos_iv_fsc_pob_visa_class.xlsx,416
2023,9,FSC,Eritrea,F2A,4,2023-09_dos_iv_fsc_pob_visa_class.xlsx,417
2023,9,FSC,Eritrea,F4,1,2023-09_dos_iv_fsc_pob_visa_class.xlsx,418
2023,9,FSC,Eritrea,IR1,15,2023-09_dos_iv_fsc_pob_visa_class.xlsx,419
2023,9,FSC,Eritrea,IR2,6,2023-09_dos_iv_fsc_pob_visa_class.xlsx,420
2023,9,FSC,Eritrea,IR5,18,2023-09_dos_iv_fsc_pob_visa_class.xlsx,421
2023,9,FSC,Estonia,IR1,3,2023-09_dos_iv_fsc_pob_visa_class.xlsx,422
2023,9,FSC,Estonia,IR5,2,2023-09_dos_iv_fsc_pob_visa_class.xlsx,423
2023,9,FSC,Ethiopia,CR1,3,2023-09_dos_iv_fsc_pob_visa_class.xlsx,424
2023,9,FSC,Ethiopia,DV,41,2023-09_dos_iv_fsc_pob_visa_class.xlsx,425
2023,9,FSC,Ethiopia,F1,6,2023-09_dos_iv_fsc_pob_visa_class.xlsx,426
2023,9,FSC,Ethiopia,F2A,32,2023-09_dos_iv_fsc_pob_visa_class.xlsx,427
2023,9,FSC,Ethiopia,F2B,7,2023-09_dos_iv_fsc_pob_visa_class.xlsx,428
2023,9,FSC,Ethiopia,F4,1,2023-09_dos_iv_fsc_pob_visa_class.xlsx,429
2023,9,FSC,Ethiopia,FX,2,2023-09_dos_iv_fsc_pob_visa_class.xlsx,430
2023,9,FSC,Ethiopia,IR1,79,2023-09_dos_iv_fsc_pob_visa_class.xlsx,431
2023,9,FSC,Ethiopia,IR2,33,2023-09_dos_iv_fsc_pob_visa_class.xlsx,432
2023,9,FSC,Ethiopia,IR5,44,2023-09_dos_iv_fsc_pob_visa_class.xlsx,433
2023,9,FSC,Ethiopia,IW,2,2023-09_dos_iv_fsc_pob_visa_class.xlsx,434
2023,9,FSC,Ethiopia,SB1,4,2023-09_dos_iv_fsc_pob_visa_class.xlsx,435
2023,9,FSC,Fiji,CR1,3,2023-09_dos_iv_fsc_pob_visa_class.xlsx,436
2023,9,FSC,Fiji,CR2,2,2023-09_dos_iv_fsc_pob_visa_class.xlsx,437
2023,9,FSC,Fiji,DV,98,2023-09_dos_iv_fsc_pob_visa_class.xlsx,438
2023,9,FSC,Fiji,F3,4,2023-09_dos_iv_fsc_pob_visa_class.xlsx,439
2023,9,FSC,Fiji,F4,1,2023-09_dos_iv_fsc_pob_visa_class.xlsx,440
2023,9,FSC,Fiji,IR5,9,2023-09_dos_iv_fsc_pob_visa_class.xlsx,441
2023,9,FSC,Finland,CR1,1,2023-09_dos_iv_fsc_pob_visa_class.xlsx,442
2023,9,FSC,Finland,IR1,3,2023-09_dos_iv_fsc_pob_visa_class.xlsx,443
2023,9,FSC,Finland,IR2,1,2023-09_dos_iv_fsc_pob_visa_class.xlsx,444
2023,9,FSC,France,CR1,16,2023-09_dos_iv_fsc_pob_visa_class.xlsx,445
2023,9,FSC,France,CR2,3,2023-09_dos_iv_fsc_pob_visa_class.xlsx,446
2023,9,FSC,France,E1,3,2023-09_dos_iv_fsc_pob_visa_class.xlsx,447
2023,9,FSC,France,E2,3,2023-09_dos_iv_fsc_pob_visa_class.xlsx,448
2023,9,FSC,France,E3,2,2023-09_dos_iv_fsc_pob_visa_class.xlsx,449
2023,9,FSC,France,IR1,15,2023-09_dos_iv_fsc_pob_visa_class.xlsx,450
2023,9,FSC,France,IR2,6,2023-09_dos_iv_fsc_pob_visa_class.xlsx,451
2023,9,FSC,France,IR5,6,2023-09_dos_iv_fsc_pob_visa_class.xlsx,452
2023,9,FSC,France,SB1,2,2023-09_dos_iv_fsc_pob_visa_class.xlsx,453
2023,9,FSC,France,SQ3,2,2023-09_dos_iv_fsc_pob_visa_class.xlsx,454
2023,9,FSC,Gabon,IR2,1,2023-09_dos_iv_fsc_pob_visa_class.xlsx,455
2023,9,FSC,Gabon,IR5,1,2023-09_dos_iv_fsc_pob_visa_class.xlsx,456
2023,9,FSC,"Gambia, The",CR1,2,2023-09_dos_iv_fsc_pob_visa_class.xlsx,457
2023,9,FSC,"Gambia, The",DV,2,2023-09_dos_iv_fsc_pob_visa_class.xlsx,458
2023,9,FSC,"Gambia, The",F1,2,2023-09_dos_iv_fsc_pob_visa_class.xlsx,459
2023,9,FSC,"Gambia, The",F2A,4,2023-09_dos_iv_fsc_pob_visa_class.xlsx,460
2023,9,FSC,"Gambia, The",F2B,4,2023-09_dos_iv_fsc_pob_visa_class.xlsx,461
2023,9,FSC,"Gambia, The",F4,1,2023-09_dos_iv_fsc_pob_visa_class.xlsx,462
2023,9,FSC,"Gambia, The",IR1,36,2023-09_dos_iv_fsc_pob_visa_class.xlsx,463
2023,9,FSC,"Gambia, The",IR2,42,2023-09_dos_iv_fsc_pob_visa_class.xlsx,464
2023,9,FSC,"Gambia, The",IR5,31,2023-09_dos_iv_fsc_pob_visa_class.xlsx,465
2023,9,FSC,Georgia,CR1,4,2023-09_dos_iv_fsc_pob_visa_class.xlsx,466
2023,9,FSC,Georgia,CR2,1,2023-09_dos_iv_fsc_pob_visa_class.xlsx,467
2023,9,FSC,Georgia,DV,29,2023-09_dos_iv_fsc_pob_visa_class.xlsx,468
2023,9,FSC,Georgia,F1,2,2023-09_dos_iv_fsc_pob_visa_class.xlsx,469
2023,9,FSC,Georgia,F2A,1,2023-09_dos_iv_fsc_pob_visa_class.xlsx,470
2023,9,FSC,Georgia,IR1,9,2023-09_dos_iv_fsc_pob_visa_class.xlsx,471
2023,9,FSC,Georgia,IR2,14,2023-09_dos_iv_fsc_pob_visa_class.xlsx,472
2023,9,FSC,Georgia,IR5,9,2023-09_dos_iv_fsc_pob_visa_class.xlsx,473
2023,9,FSC,Germany,CR1,41,2023-09_dos_iv_fsc_pob_visa_class.xlsx,474
2023,9,FSC,Germany,CR2,5,2023-09_dos_iv_fsc_pob_visa_class.xlsx,475
2023,9,FSC,Germany,DV,6,2023-09_dos_iv_fsc_pob_visa_class.xlsx,476
2023,9,FSC,Germany,E1,10,2023-09_dos_iv_fsc_pob_visa_class.xlsx,477
2023,9,FSC,Germany,E2,1,2023-09_dos_iv_fsc_pob_visa_class.xlsx,478
2023,9,FSC,Germany,E3,1,2023-09_dos_iv_fsc_pob_visa_class.xlsx,479
2023,9,FSC,Germany,EW,1,2023-09_dos_iv_fsc_pob_visa_class.xlsx,480
2023,9,FSC,Germany,F1,2,2023-09_dos_iv_fsc_pob_visa_class.xlsx,481
2023,9,FSC,Germany,F3,3,2023-09_dos_iv_fsc_pob_visa_class.xlsx,482
2023,9,FSC,Germany,IB1,1,2023-09_dos_iv_fsc_pob_visa_class.xlsx,483
2023,9,FSC,Germany,IR1,42,2023-09_dos_iv_fsc_pob_visa_class.xlsx,484
2023,9,FSC,Germany,IR2,6,2023-09_dos_iv_fsc_pob_visa_class.xlsx,485
2023,9,FSC,Germany,IR5,6,2023-09_dos_iv_fsc_pob_visa_class.xlsx,486
2023,9,FSC,Germany,SB1,1,2023-09_dos_iv_fsc_pob_visa_class.xlsx,487
2023,9,FSC,Germany,SQ3,1,2023-09_dos_iv_fsc_pob_visa_class.xlsx,488
2023,9,FSC,Ghana,CR1,14,2023-09_dos_iv_fsc_pob_visa_class.xlsx,489
2023,9,FSC,Ghana,CR2,2,2023-09_dos_iv_fsc_pob_visa_class.xlsx,490
2023,9,FSC,Ghana,DV,20,2023-09_dos_iv_fsc_pob_visa_class.xlsx,491
2023,9,FSC,Ghana,E2,4,2023-09_dos_iv_fsc_pob_visa_class.xlsx,492
2023,9,FSC,Ghana,F1,22,2023-09_dos_iv_fsc_pob_visa_class.xlsx,493
2023,9,FSC,Ghana,F2A,4,2023-09_dos_iv_fsc_pob_visa_class.xlsx,494
2023,9,FSC,Ghana,F2B,4,2023-09_dos_iv_fsc_pob_visa_class.xlsx,495
2023,9,FSC,Ghana,F3,5,2023-09_dos_iv_fsc_pob_visa_class.xlsx,496
2023,9,FSC,Ghana,F4,2,2023-09_dos_iv_fsc_pob_visa_class.xlsx,497
2023,9,FSC,Ghana,FX,3,2023-09_dos_iv_fsc_pob_visa_class.xlsx,498
2023,9,FSC,Ghana,IB1,1,2023-09_dos_iv_fsc_pob_visa_class.xlsx,499
2023,9,FSC,Ghana,IB2,1,2023-09_dos_iv_fsc_pob_visa_class.xlsx,500
2023,9,FSC,Ghana,IH3,2,2023-09_dos_iv_fsc_pob_visa_class.xlsx,501
2023,9,FSC,Ghana,IR1,221,2023-09_dos_iv_fsc_pob_visa_class.xlsx,502
2023,9,FSC,Ghana,IR2,199,2023-09_dos_iv_fsc_pob_visa_class.xlsx,503
2023,9,FSC,Ghana,IR5,124,2023-09_dos_iv_fsc_pob_visa_class.xlsx,504
2023,9,FSC,Ghana,IW,1,2023-09_dos_iv_fsc_pob_visa_class.xlsx,505
2023,9,FSC,Ghana,SD,2,2023-09_dos_iv_fsc_pob_visa_class.xlsx,506
2023,9,FSC,Great Britain and Northern Ireland,CR1,36,2023-09_dos_iv_fsc_pob_visa_class.xlsx,507
2023,9,FSC,Great Britain and Northern Ireland,E1,8,2023-09_dos_iv_fsc_pob_visa_class.xlsx,508
2023,9,FSC,Great Britain and Northern Ireland,E2,9,2023-09_dos_iv_fsc_pob_visa_class.xlsx,509
2023,9,FSC,Great Britain and Northern Ireland,E3,1,2023-09_dos_iv_fsc_pob_visa_class.xlsx,510
2023,9,FSC,Great Britain and Northern Ireland,EW,8,2023-09_dos_iv_fsc_pob_visa_class.xlsx,511
2023,9,FSC,Great Britain and Northern Ireland,F1,1,2023-09_dos_iv_fsc_pob_visa_class.xlsx,512
2023,9,FSC,Great Britain and Northern Ireland,F3,2,2023-09_dos_iv_fsc_pob_visa_class.xlsx,513
2023,9,FSC,Great Britain and Northern Ireland,F4,8,2023-09_dos_iv_fsc_pob_visa_class.xlsx,514
2023,9,FSC,Great Britain and Northern Ireland,IR1,74,2023-09_dos_iv_fsc_pob_visa_class.xlsx,515
2023,9,FSC,Great Britain and Northern Ireland,IR2,19,2023-09_dos_iv_fsc_pob_visa_class.xlsx,516
2023,9,FSC,Great Britain and Northern Ireland,IR5,23,2023-09_dos_iv_fsc_pob_visa_class.xlsx,517
2023,9,FSC,Great Britain and Northern Ireland,SB1,1,2023-09_dos_iv_fsc_pob_visa_class.xlsx,518
2023,9,FSC,Great Britain and Northern Ireland,SQ3,1,2023-09_dos_iv_fsc_pob_visa_class.xlsx,519
2023,9,FSC,Greece,CR1,1,2023-09_dos_iv_fsc_pob_visa_class.xlsx,520
2023,9,FSC,Greece,E2,2,2023-09_dos_iv_fsc_pob_visa_class.xlsx,521
2023,9,FSC,Greece,IR1,6,2023-09_dos_iv_fsc_pob_visa_class.xlsx,522
2023,9,FSC,Greece,IR2,1,2023-09_dos_iv_fsc_pob_visa_class.xlsx,523
2023,9,FSC,Grenada,F1,4,2023-09_dos_iv_fsc_pob_visa_class.xlsx,524
2023,9,FSC,Grenada,IB2,1,2023-09_dos_iv_fsc_pob_visa_class.xlsx,525
2023,9,FSC,Grenada,IR1,1,2023-09_dos_iv_fsc_pob_visa_class.xlsx,526
2023,9,FSC,Grenada,IR2,3,2023-09_dos_iv_fsc_pob_visa_class.xlsx,527
2023,9,FSC,Grenada,IR5,4,2023-09_dos_iv_fsc_pob_visa_class.xlsx,528
2023,9,FSC,Guatemala,CR1,18,2023-09_dos_iv_fsc_pob_visa_class.xlsx,529
2023,9,FSC,Guatemala,CR2,1,2023-09_dos_iv_fsc_pob_visa_class.xlsx,530
2023,9,FSC,Guatemala,E3,2,2023-09_dos_iv_fsc_pob_visa_class.xlsx,531
2023,9,FSC,Guatemala,EW,19,2023-09_dos_iv_fsc_pob_visa_class.xlsx,532
2023,9,FSC,Guatemala,F1,35,2023-09_dos_iv_fsc_pob_visa_class.xlsx,533
2023,9,FSC,Guatemala,F2A,19,2023-09_dos_iv_fsc_pob_visa_class.xlsx,534
2023,9,FSC,Guatemala,F2B,18,2023-09_dos_iv_fsc_pob_visa_class.xlsx,535
2023,9,FSC,Guatemala,F3,14,2023-09_dos_iv_fsc_pob_visa_class.xlsx,536
2023,9,FSC,Guatemala,F4,8,2023-09_dos_iv_fsc_pob_visa_class.xlsx,537
2023,9,FSC,Guatemala,FX,13,2023-09_dos_iv_fsc_pob_visa_class.xlsx,538
2023,9,FSC,Guatemala,IB1,4,2023-09_dos_iv_fsc_pob_visa_class.xlsx,539
2023,9,FSC,Guatemala,IR1,81,2023-09_dos_iv_fsc_pob_visa_class.xlsx,540
2023,9,FSC,Guatemala,IR2,59,2023-09_dos_iv_fsc_pob_visa_class.xlsx,541
2023,9,FSC,Guatemala,IR5,104,2023-09_dos_iv_fsc_pob_visa_class.xlsx,542
2023,9,FSC,Guatemala,IW,1,2023-09_dos_iv_fsc_pob_visa_class.xlsx,543
2023,9,FSC,Guinea,CR1,4,2023-09_dos_iv_fsc_pob_visa_class.xlsx,544
2023,9,FSC,Guinea,DV,24,2023-09_dos_iv_fsc_pob_visa_class.xlsx,545
2023,9,FSC,Guinea,F1,3,2023-09_dos_iv_fsc_pob_visa_class.xlsx,546
2023,9,FSC,Guinea,IR1,34,2023-09_dos_iv_fsc_pob_visa_class.xlsx,547
2023,9,FSC,Guinea,IR2,27,2023-09_dos_iv_fsc_pob_visa_class.xlsx,548
2023,9,FSC,Guinea,IR5,29,2023-09_dos_iv_fsc_pob_visa_class.xlsx,549
2023,9,FSC,Guinea-Bissau,DV,2,2023-09_dos_iv_fsc_pob_visa_class.xlsx,550
2023,9,FSC,Guinea-Bissau,IR5,1,2023-09_dos_iv_fsc_pob_visa_class.xlsx,551
2023,9,FSC,Guyana,CR1,22,2023-09_dos_iv_fsc_pob_visa_class.xlsx,552
2023,9,FSC,Guyana,CR2,5,2023-09_dos_iv_fsc_pob_visa_class.xlsx,553
2023,9,FSC,Guyana,F1,59,2023-09_dos_iv_fsc_pob_visa_class.xlsx,554
2023,9,FSC,Guyana,F2A,2,2023-09_dos_iv_fsc_pob_visa_class.xlsx,555
2023,9,FSC,Guyana,F2B,5,2023-09_dos_iv_fsc_pob_visa_class.xlsx,556
2023,9,FSC,Guyana,F3,28,2023-09_dos_iv_fsc_pob_visa_class.xlsx,557
2023,9,FSC,Guyana,F4,17,2023-09_dos_iv_fsc_pob_visa_class.xlsx,558
2023,9,FSC,Guyana,IR1,27,2023-09_dos_iv_fsc_pob_visa_class.xlsx,559
2023,9,FSC,Guyana,IR2,46,2023-09_dos_iv_fsc_pob_visa_class.xlsx,560
2023,9,FSC,Guyana,IR5,70,2023-09_dos_iv_fsc_pob_visa_class.xlsx,561
2023,9,FSC,Guyana,IW,1,2023-09_dos_iv_fsc_pob_visa_class.xlsx,562
2023,9,FSC,Guyana,SB1,1,2023-09_dos_iv_fsc_pob_visa_class.xlsx,563
2023,9,FSC,Haiti,EW,1,2023-09_dos_iv_fsc_pob_visa_class.xlsx,564
2023,9,FSC,Haiti,F1,34,2023-09_dos_iv_fsc_pob_visa_class.xlsx,565
2023,9,FSC,Haiti,F2A,45,2023-09_dos_iv_fsc_pob_visa_class.xlsx,566
2023,9,FSC,Haiti,F2B,41,2023-09_dos_iv_fsc_pob_visa_class.xlsx,567
2023,9,FSC,Haiti,F3,4,2023-09_dos_iv_fsc_pob_visa_class.xlsx,568
2023,9,FSC,Haiti,F4,39,2023-09_dos_iv_fsc_pob_visa_class.xlsx,569
2023,9,FSC,Haiti,FX,8,2023-09_dos_iv_fsc_pob_visa_class.xlsx,570
2023,9,FSC,Haiti,IH3,4,2023-09_dos_iv_fsc_pob_visa_class.xlsx,571
2023,9,FSC,Haiti,IR1,105,2023-09_dos_iv_fsc_pob_visa_class.xlsx,572
2023,9,FSC,Haiti,IR2,160,2023-09_dos_iv_fsc_pob_visa_class.xlsx,573
2023,9,FSC,Haiti,IR5,80,2023-09_dos_iv_fsc_pob_visa_class.xlsx,574
2023,9,FSC,Haiti,IW,5,2023-09_dos_iv_fsc_pob_visa_class.xlsx,575
2023,9,FSC,Haiti,SB1,2,2023-09_dos_iv_fsc_pob_visa_class.xlsx,576
2023,9,FSC,Honduras,CR1,10,2023-09_dos_iv_fsc_pob_visa_class.xlsx,577
2023,9,FSC,Honduras,CR2,2,2023-09_dos_iv_fsc_pob_visa_class.xlsx,578
2023,9,FSC,Honduras,E3,5,2023-09_dos_iv_fsc_pob_visa_class.xlsx,579
2023,9,FSC,Honduras,EW,8,2023-09_dos_iv_fsc_pob_visa_class.xlsx,580
2023,9,FSC,Honduras,F1,37,2023-09_dos_iv_fsc_pob_visa_class.xlsx,581
2023,9,FSC,Honduras,F2A,13,2023-09_dos_iv_fsc_pob_visa_class.xlsx,582
2023,9,FSC,Honduras,F2B,17,2023-09_dos_iv_fsc_pob_visa_class.xlsx,583
2023,9,FSC,Honduras,F3,11,2023-09_dos_iv_fsc_pob_visa_class.xlsx,584
2023,9,FSC,Honduras,F4,9,2023-09_dos_iv_fsc_pob_visa_class.xlsx,585
2023,9,FSC,Honduras,FX,5,2023-09_dos_iv_fsc_pob_visa_class.xlsx,586
2023,9,FSC,Honduras,IR1,115,2023-09_dos_iv_fsc_pob_visa_class.xlsx,587
2023,9,FSC,Honduras,IR2,113,2023-09_dos_iv_fsc_pob_visa_class.xlsx,588
2023,9,FSC,Honduras,IR5,93,2023-09_dos_iv_fsc_pob_visa_class.xlsx,589
2023,9,FSC,Honduras,IW,3,2023-09_dos_iv_fsc_pob_visa_class.xlsx,590
2023,9,FSC,Hong Kong S.A.R.,CR1,3,2023-09_dos_iv_fsc_pob_visa_class.xlsx,591
2023,9,FSC,Hong Kong S.A.R.,E1,4,2023-09_dos_iv_fsc_pob_visa_class.xlsx,592
2023,9,FSC,Hong Kong S.A.R.,EW,5,2023-09_dos_iv_fsc_pob_visa_class.xlsx,593
2023,9,FSC,Hong Kong S.A.R.,F2B,1,2023-09_dos_iv_fsc_pob_visa_class.xlsx,594
2023,9,FSC,Hong Kong S.A.R.,F3,3,2023-09_dos_iv_fsc_pob_visa_class.xlsx,595
2023,9,FSC,Hong Kong S.A.R.,F4,11,2023-09_dos_iv_fsc_pob_visa_class.xlsx,596
2023,9,FSC,Hong Kong S.A.R.,IH4,1,2023-09_dos_iv_fsc_pob_visa_class.xlsx,597
2023,9,FSC,Hong Kong S.A.R.,IR1,7,2023-09_dos_iv_fsc_pob_visa_class.xlsx,598
2023,9,FSC,Hong Kong S.A.R.,IR2,3,2023-09_dos_iv_fsc_pob_visa_class.xlsx,599
2023,9,FSC,Hong Kong S.A.R.,IR5,12,2023-09_dos_iv_fsc_pob_visa_class.xlsx,600
2023,9,FSC,Hong Kong S.A.R.,SB1,3,2023-09_dos_iv_fsc_pob_visa_class.xlsx,601
2023,9,FSC,Hungary,CR1,3,2023-09_dos_iv_fsc_pob_visa_class.xlsx,602
2023,9,FSC,Hungary,F1,1,2023-09_dos_iv_fsc_pob_visa_class.xlsx,603
2023,9,FSC,Hungary,F4,4,2023-09_dos_iv_fsc_pob_visa_class.xlsx,604
2023,9,FSC,Hungary,IR1,1,2023-09_dos_iv_fsc_pob_visa_class.xlsx,605
2023,9,FSC,Hungary,IR5,2,2023-09_dos_iv_fsc_pob_visa_class.xlsx,606
2023,9,FSC,Hungary,SB1,1,2023-09_dos_iv_fsc_pob_visa_class.xlsx,607
2023,9,FSC,India,CR1,293,2023-09_dos_iv_fsc_pob_visa_class.xlsx,608
2023,9,FSC,India,CR2,7,2023-09_dos_iv_fsc_pob_visa_class.xlsx,609
2023,9,FSC,India,E2,18,2023-09_dos_iv_fsc_pob_visa_class.xlsx,610
2023,9,FSC,India,E3,116,2023-09_dos_iv_fsc_pob_visa_class.xlsx,611
2023,9,FSC,India,F1,35,2023-09_dos_iv_fsc_pob_visa_class.xlsx,612
2023,9,FSC,India,F2A,11,2023-09_dos_iv_fsc_pob_visa_class.xlsx,613
2023,9,FSC,India,F2B,4,2023-09_dos_iv_fsc_pob_visa_class.xlsx,614
2023,9,FSC,India,F3,275,2023-09_dos_iv_fsc_pob_visa_class.xlsx,615
2023,9,FSC,India,F4,185,2023-09_dos_iv_fsc_pob_visa_class.xlsx,616
2023,9,FSC,India,FX,6,2023-09_dos_iv_fsc_pob_visa_class.xlsx,617
2023,9,FSC,India,IH3,12,2023-09_dos_iv_fsc_pob_visa_class.xlsx,618
2023,9,FSC,India,IR1,367,2023-09_dos_iv_fsc_pob_visa_class.xlsx,619
2023,9,FSC,India,IR2,84,2023-09_dos_iv_fsc_pob_visa_class.xlsx,620
2023,9,FSC,India,IR5,1407,2023-09_dos_iv_fsc_pob_visa_class.xlsx,621
2023,9,FSC,India,IW,1,2023-09_dos_iv_fsc_pob_visa_class.xlsx,622
2023,9,FSC,India,SB1,6,2023-09_dos_iv_fsc_pob_visa_class.xlsx,623
2023,9,FSC,India,SD,1,2023-09_dos_iv_fsc_pob_visa_class.xlsx,624
2023,9,FSC,India,SR,2,2023-09_dos_iv_fsc_pob_visa_class.xlsx,625
2023,9,FSC,Indonesia,CR1,4,2023-09_dos_iv_fsc_pob_visa_class.xlsx,626
2023,9,FSC,Indonesia,EW,4,2023-09_dos_iv_fsc_pob_visa_class.xlsx,627
2023,9,FSC,Indonesia,F1,1,2023-09_dos_iv_fsc_pob_visa_class.xlsx,628
2023,9,FSC,Indonesia,F2B,1,2023-09_dos_iv_fsc_pob_visa_class.xlsx,629
2023,9,FSC,Indonesia,F4,5,2023-09_dos_iv_fsc_pob_visa_class.xlsx,630
2023,9,FSC,Indonesia,IR1,7,2023-09_dos_iv_fsc_pob_visa_class.xlsx,631
2023,9,FSC,Indonesia,IR2,4,2023-09_dos_iv_fsc_pob_visa_class.xlsx,632
2023,9,FSC,Indonesia,IR5,11,2023-09_dos_iv_fsc_pob_visa_class.xlsx,633
2023,9,FSC,Iran,CR1,2,2023-09_dos_iv_fsc_pob_visa_class.xlsx,634
2023,9,FSC,Iran,DV,301,2023-09_dos_iv_fsc_pob_visa_class.xlsx,635
2023,9,FSC,Iran,E1,8,2023-09_dos_iv_fsc_pob_visa_class.xlsx,636
2023,9,FSC,Iran,E2,20,2023-09_dos_iv_fsc_pob_visa_class.xlsx,637
2023,9,FSC,Iran,E3,6,2023-09_dos_iv_fsc_pob_visa_class.xlsx,638
2023,9,FSC,Iran,EW,3,2023-09_dos_iv_fsc_pob_visa_class.xlsx,639
2023,9,FSC,Iran,F1,12,2023-09_dos_iv_fsc_pob_visa_class.xlsx,640
2023,9,FSC,Iran,F2A,2,2023-09_dos_iv_fsc_pob_visa_class.xlsx,641
2023,9,FSC,Iran,F2B,3,2023-09_dos_iv_fsc_pob_visa_class.xlsx,642
2023,9,FSC,Iran,F3,24,2023-09_dos_iv_fsc_pob_visa_class.xlsx,643
2023,9,FSC,Iran,F4,28,2023-09_dos_iv_fsc_pob_visa_class.xlsx,644
2023,9,FSC,Iran,FX,1,2023-09_dos_iv_fsc_pob_visa_class.xlsx,645
2023,9,FSC,Iran,IR1,23,2023-09_dos_iv_fsc_pob_visa_class.xlsx,646
2023,9,FSC,Iran,IR2,3,2023-09_dos_iv_fsc_pob_visa_class.xlsx,647
2023,9,FSC,Iran,IR5,135,2023-09_dos_iv_fsc_pob_visa_class.xlsx,648
2023,9,FSC,Iran,SQ2,1,2023-09_dos_iv_fsc_pob_visa_class.xlsx,649
2023,9,FSC,Iraq,CR1,3,2023-09_dos_iv_fsc_pob_visa_class.xlsx,650
2023,9,FSC,Iraq,DV,44,2023-09_dos_iv_fsc_pob_visa_class.xlsx,651
2023,9,FSC,Iraq,E2,3,2023-09_dos_iv_fsc_pob_visa_class.xlsx,652
2023,9,FSC,Iraq,F3,7,2023-09_dos_iv_fsc_pob_visa_class.xlsx,653
2023,9,FSC,Iraq,I5,5,2023-09_dos_iv_fsc_pob_visa_class.xlsx,654
2023,9,FSC,Iraq,IR1,41,2023-09_dos_iv_fsc_pob_visa_class.xlsx,655
2023,9,FSC,Iraq,IR2,4,2023-09_dos_iv_fsc_pob_visa_class.xlsx,656
2023,9,FSC,Iraq,IR5,44,2023-09_dos_iv_fsc_pob_visa_class.xlsx,657
2023,9,FSC,Iraq,SI1,2,2023-09_dos_iv_fsc_pob_visa_class.xlsx,658
2023,9,FSC,Iraq,SI2,2,2023-09_dos_iv_fsc_pob_visa_class.xlsx,659
2023,9,FSC,Iraq,SI3,4,2023-09_dos_iv_fsc_pob_visa_class.xlsx,660
2023,9,FSC,Iraq,SQ1,8,2023-09_dos_iv_fsc_pob_visa_class.xlsx,661
2023,9,FSC,Iraq,SQ2,7,2023-09_dos_iv_fsc_pob_visa_class.xlsx,662
2023,9,FSC,Iraq,SQ3,13,2023-09_dos_iv_fsc_pob_visa_class.xlsx,663
2023,9,FSC,Ireland,CR1,5,2023-09_dos_iv_fsc_pob_visa_class.xlsx,664
2023,9,FSC,Ireland,E1,1,2023-09_dos_iv_fsc_pob_visa_class.xlsx,665
2023,9,FSC,Ireland,E2,1,2023-09_dos_iv_fsc_pob_visa_class.xlsx,666
2023,9,FSC,Ireland,E3,1,2023-09_dos_iv_fsc_pob_visa_class.xlsx,667
2023,9,FSC,Ireland,F3,1,2023-09_dos_iv_fsc_pob_visa_class.xlsx,668
2023,9,FSC,Ireland,IR1,7,2023-09_dos_iv_fsc_pob_visa_class.xlsx,669
2023,9,FSC,Ireland,IR2,2,2023-09_dos_iv_fsc_pob_visa_class.xlsx,670
2023,9,FSC,Ireland,IR5,2,2023-09_dos_iv_fsc_pob_visa_class.xlsx,671
2023,9,FSC,Israel,CR1,8,2023-09_dos_iv_fsc_pob_visa_class.xlsx,672
2023,9,FSC,Israel,E1,3,2023-09_dos_iv_fsc_pob_visa_class.xlsx,673
2023,9,FSC,Israel,EW,1,2023-09_dos_iv_fsc_pob_visa_class.xlsx,674
2023,9,FSC,Israel,F1,3,2023-09_dos_iv_fsc_pob_visa_class.xlsx,675
2023,9,FSC,Israel,F2A,1,2023-09_dos_iv_fsc_pob_visa_class.xlsx,676
2023,9,FSC,Israel,F3,3,2023-09_dos_iv_fsc_pob_visa_class.xlsx,677
2023,9,FSC,Israel,IR1,7,2023-09_dos_iv_fsc_pob_visa_class.xlsx,678
2023,9,FSC,Israel,IR2,6,2023-09_dos_iv_fsc_pob_visa_class.xlsx,679
2023,9,FSC,Israel,IR5,6,2023-09_dos_iv_fsc_pob_visa_class.xlsx,680
2023,9,FSC,Italy,CR1,10,2023-09_dos_iv_fsc_pob_visa_class.xlsx,681
2023,9,FSC,Italy,CR2,1,2023-09_dos_iv_fsc_pob_visa_class.xlsx,682
2023,9,FSC,Italy,DV,4,2023-09_dos_iv_fsc_pob_visa_class.xlsx,683
2023,9,FSC,Italy,E1,5,2023-09_dos_iv_fsc_pob_visa_class.xlsx,684
2023,9,FSC,Italy,E2,8,2023-09_dos_iv_fsc_pob_visa_class.xlsx,685
2023,9,FSC,Italy,E3,1,2023-09_dos_iv_fsc_pob_visa_class.xlsx,686
2023,9,FSC,Italy,EW,3,2023-09_dos_iv_fsc_pob_visa_class.xlsx,687
2023,9,FSC,Italy,F4,1,2023-09_dos_iv_fsc_pob_visa_class.xlsx,688
2023,9,FSC,Italy,I5,2,2023-09_dos_iv_fsc_pob_visa_class.xlsx,689
2023,9,FSC,Italy,IR1,18,2023-09_dos_iv_fsc_pob_visa_class.xlsx,690
2023,9,FSC,Italy,IR2,6,2023-09_dos_iv_fsc_pob_visa_class.xlsx,691
2023,9,FSC,Italy,IR5,9,2023-09_dos_iv_fsc_pob_visa_class.xlsx,692
2023,9,FSC,Italy,SB1,3,2023-09_dos_iv_fsc_pob_visa_class.xlsx,693
2023,9,FSC,Jamaica,CR1,20,2023-09_dos_iv_fsc_pob_visa_class.xlsx,694
2023,9,FSC,Jamaica,CR2,5,2023-09_dos_iv_fsc_pob_visa_class.xlsx,695
2023,9,FSC,Jamaica,E1,1,2023-09_dos_iv_fsc_pob_visa_class.xlsx,696
2023,9,FSC,Jamaica,E2,1,2023-09_dos_iv_fsc_pob_visa_class.xlsx,697
2023,9,FSC,Jamaica,EW,2,2023-09_dos_iv_fsc_pob_visa_class.xlsx,698
2023,9,FSC,Jamaica,F1,297,2023-09_dos_iv_fsc_pob_visa_class.xlsx,699
2023,9,FSC,Jamaica,F2A,29,2023-09_dos_iv_fsc_pob_visa_class.xlsx,700
2023,9,FSC,Jamaica,F2B,90,2023-09_dos_iv_fsc_pob_visa_class.xlsx,701
2023,9,FSC,Jamaica,F3,59,2023-09_dos_iv_fsc_pob_visa_class.xlsx,702
2023,9,FSC,Jamaica,F4,40,2023-09_dos_iv_fsc_pob_visa_class.xlsx,703
2023,9,FSC,Jamaica,FX,2,2023-09_dos_iv_fsc_pob_visa_class.xlsx,704
2023,9,FSC,Jamaica,IB1,1,2023-09_dos_iv_fsc_pob_visa_class.xlsx,705
2023,9,FSC,Jamaica,IR1,135,2023-09_dos_iv_fsc_pob_visa_class.xlsx,706
2023,9,FSC,Jamaica,IR2,257,2023-09_dos_iv_fsc_pob_visa_class.xlsx,707
2023,9,FSC,Jamaica,IR5,165,2023-09_dos_iv_fsc_pob_visa_class.xlsx,708
2023,9,FSC,Jamaica,SB1,1,2023-09_dos_iv_fsc_pob_visa_class.xlsx,709
2023,9,FSC,Japan,CR1,11,2023-09_dos_iv_fsc_pob_visa_class.xlsx,710
2023,9,FSC,Japan,DV,1,2023-09_dos_iv_fsc_pob_visa_class.xlsx,711
2023,9,FSC,Japan,E1,4,2023-09_dos_iv_fsc_pob_visa_class.xlsx,712
2023,9,FSC,Japan,E2,4,2023-09_dos_iv_fsc_pob_visa_class.xlsx,713
2023,9,FSC,Japan,E3,1,2023-09_dos_iv_fsc_pob_visa_class.xlsx,714
2023,9,FSC,Japan,EW,1,2023-09_dos_iv_fsc_pob_visa_class.xlsx,715
2023,9,FSC,Japan,IR1,65,2023-09_dos_iv_fsc_pob_visa_class.xlsx,716
2023,9,FSC,Japan,IR2,5,2023-09_dos_iv_fsc_pob_visa_class.xlsx,717
2023,9,FSC,Japan,IR5,8,2023-09_dos_iv_fsc_pob_visa_class.xlsx,718
2023,9,FSC,Japan,SB1,5,2023-09_dos_iv_fsc_pob_visa_class.xlsx,719
2023,9,FSC,Japan,SQ3,1,2023-09_dos_iv_fsc_pob_visa_class.xlsx,720
2023,9,FSC,Jordan,CR1,26,2023-09_dos_iv_fsc_pob_visa_class.xlsx,721
2023,9,FSC,Jordan,DV,13,2023-09_dos_iv_fsc_pob_visa_class.xlsx,722
2023,9,FSC,Jordan,F1,5,2023-09_dos_iv_fsc_pob_visa_class.xlsx,723
2023,9,FSC,Jordan,F2A,5,2023-09_dos_iv_fsc_pob_visa_class.xlsx,724
2023,9,FSC,Jordan,F2B,1,2023-09_dos_iv_fsc_pob_visa_class.xlsx,725
2023,9,FSC,Jordan,F3,15,2023-09_dos_iv_fsc_pob_visa_class.xlsx,726
2023,9,FSC,Jordan,F4,41,2023-09_dos_iv_fsc_pob_visa_class.xlsx,727
2023,9,FSC,Jordan,IR1,46,2023-09_dos_iv_fsc_pob_visa_class.xlsx,728
2023,9,FSC,Jordan,IR2,51,2023-09_dos_iv_fsc_pob_visa_class.xlsx,729
2023,9,FSC,Jordan,IR5,57,2023-09_dos_iv_fsc_pob_visa_class.xlsx,730
2023,9,FSC,Jordan,IW,1,2023-09_dos_iv_fsc_pob_visa_class.xlsx,731
2023,9,FSC,Jordan,SB1,1,2023-09_dos_iv_fsc_pob_visa_class.xlsx,732
2023,9,FSC,Kazakhstan,CR1,2,2023-09_dos_iv_fsc_pob_visa_class.xlsx,733
2023,9,FSC,Kazakhstan,DV,8,2023-09_dos_iv_fsc_pob_visa_class.xlsx,734
2023,9,FSC,Kazakhstan,E1,10,2023-09_dos_iv_fsc_pob_visa_class.xlsx,735
2023,9,FSC,Kazakhstan,E2,2,2023-09_dos_iv_fsc_pob_visa_class.xlsx,736
2023,9,FSC,Kazakhstan,F1,4,2023-09_dos_iv_fsc_pob_visa_class.xlsx,737
2023,9,FSC,Kazakhstan,F4,3,2023-09_dos_iv_fsc_pob_visa_class.xlsx,738
2023,9,FSC,Kazakhstan,IR1,3,2023-09_dos_iv_fsc_pob_visa_class.xlsx,739
2023,9,FSC,Kazakhstan,IR2,3,2023-09_dos_iv_fsc_pob_visa_class.xlsx,740
2023,9,FSC,Kazakhstan,IR5,14,2023-09_dos_iv_fsc_pob_visa_class.xlsx,741
2023,9,FSC,Kenya,CR1,6,2023-09_dos_iv_fsc_pob_visa_class.xlsx,742
2023,9,FSC,Kenya,CR2,1,2023-09_dos_iv_fsc_pob_visa_class.xlsx,743
2023,9,FSC,Kenya,DV,78,2023-09_dos_iv_fsc_pob_visa_class.xlsx,744
2023,9,FSC,Kenya,E2,1,2023-09_dos_iv_fsc_pob_visa_class.xlsx,745
2023,9,FSC,Kenya,E3,4,2023-09_dos_iv_fsc_pob_visa_class.xlsx,746
2023,9,FSC,Kenya,F1,10,2023-09_dos_iv_fsc_pob_visa_class.xlsx,747
2023,9,FSC,Kenya,F2B,2,2023-09_dos_iv_fsc_pob_visa_class.xlsx,748
2023,9,FSC,Kenya,F4,2,2023-09_dos_iv_fsc_pob_visa_class.xlsx,749
2023,9,FSC,Kenya,IR1,24,2023-09_dos_iv_fsc_pob_visa_class.xlsx,750
2023,9,FSC,Kenya,IR2,41,2023-09_dos_iv_fsc_pob_visa_class.xlsx,751
2023,9,FSC,Kenya,IR5,25,2023-09_dos_iv_fsc_pob_visa_class.xlsx,752
2023,9,FSC,"Korea, North",IR5,1,2023-09_dos_iv_fsc_pob_visa_class.xlsx,753
2023,9,FSC,"Korea, South",CR1,25,2023-09_dos_iv_fsc_pob_visa_class.xlsx,754
2023,9,FSC,"Korea, South",E2,292,2023-09_dos_iv_fsc_pob_visa_class.xlsx,755
2023,9,FSC,"Korea, South",E3,6,2023-09_dos_iv_fsc_pob_visa_class.xlsx,756
2023,9,FSC,"Korea, South",EW,36,2023-09_dos_iv_fsc_pob_visa_class.xlsx,757
2023,9,FSC,"Korea, South",F1,1,2023-09_dos_iv_fsc_pob_visa_class.xlsx,758
2023,9,FSC,"Korea, South",F2A,1,2023-09_dos_iv_fsc_pob_visa_class.xlsx,759
2023,9,FSC,"Korea, South",F2B,4,2023-09_dos_iv_fsc_pob_visa_class.xlsx,760
2023,9,FSC,"Korea, South",F3,11,2023-09_dos_iv_fsc_pob_visa_class.xlsx,761
2023,9,FSC,"Korea, South",F4,14,2023-09_dos_iv_fsc_pob_visa_class.xlsx,762
2023,9,FSC,"Korea, South",I5,9,2023-09_dos_iv_fsc_pob_visa_class.xlsx,763
2023,9,FSC,"Korea, South",IR1,43,2023-09_dos_iv_fsc_pob_visa_class.xlsx,764
2023,9,FSC,"Korea, South",IR2,6,2023-09_dos_iv_fsc_pob_visa_class.xlsx,765
2023,9,FSC,"Korea, South",IR5,34,2023-09_dos_iv_fsc_pob_visa_class.xlsx,766
2023,9,FSC,Kosovo,CR1,8,2023-09_dos_iv_fsc_pob_visa_class.xlsx,767
2023,9,FSC,Kosovo,F3,4,2023-09_dos_iv_fsc_pob_visa_class.xlsx,768
2023,9,FSC,Kosovo,IR1,4,2023-09_dos_iv_fsc_pob_visa_class.xlsx,769
2023,9,FSC,Kosovo,IR5,27,2023-09_dos_iv_fsc_pob_visa_class.xlsx,770
2023,9,FSC,Kuwait,CR1,1,2023-09_dos_iv_fsc_pob_visa_class.xlsx,771
2023,9,FSC,Kuwait,DV,15,2023-09_dos_iv_fsc_pob_visa_class.xlsx,772
2023,9,FSC,Kuwait,E1,1,2023-09_dos_iv_fsc_pob_visa_class.xlsx,773
2023,9,FSC,Kuwait,F2B,2,2023-09_dos_iv_fsc_pob_visa_class.xlsx,774
2023,9,FSC,Kuwait,F3,7,2023-09_dos_iv_fsc_pob_visa_class.xlsx,775
2023,9,FSC,Kuwait,F4,13,2023-09_dos_iv_fsc_pob_visa_class.xlsx,776
2023,9,FSC,Kuwait,IR1,3,2023-09_dos_iv_fsc_pob_visa_class.xlsx,777
2023,9,FSC,Kuwait,IR2,2,2023-09_dos_iv_fsc_pob_visa_class.xlsx,778
2023,9,FSC,Kuwait,IR5,8,2023-09_dos_iv_fsc_pob_visa_class.xlsx,779
2023,9,FSC,Kyrgyzstan,CR1,1,2023-09_dos_iv_fsc_pob_visa_class.xlsx,780
2023,9,FSC,Kyrgyzstan,DV,71,2023-09_dos_iv_fsc_pob_visa_class.xlsx,781
2023,9,FSC,Kyrgyzstan,EW,1,2023-09_dos_iv_fsc_pob_visa_class.xlsx,782
2023,9,FSC,Kyrgyzstan,IH3,1,2023-09_dos_iv_fsc_pob_visa_class.xlsx,783
2023,9,FSC,Kyrgyzstan,IR1,8,2023-09_dos_iv_fsc_pob_visa_class.xlsx,784
2023,9,FSC,Kyrgyzstan,IR2,9,2023-09_dos_iv_fsc_pob_visa_class.xlsx,785
2023,9,FSC,Kyrgyzstan,IR5,16,2023-09_dos_iv_fsc_pob_visa_class.xlsx,786
2023,9,FSC,Laos,CR1,2,2023-09_dos_iv_fsc_pob_visa_class.xlsx,787
2023,9,FSC,Laos,F1,2,2023-09_dos_iv_fsc_pob_visa_class.xlsx,788
2023,9,FSC,Laos,F2A,4,2023-09_dos_iv_fsc_pob_visa_class.xlsx,789
2023,9,FSC,Laos,F4,3,2023-09_dos_iv_fsc_pob_visa_class.xlsx,790
2023,9,FSC,Laos,IR1,6,2023-09_dos_iv_fsc_pob_visa_class.xlsx,791
2023,9,FSC,Laos,IR2,5,2023-09_dos_iv_fsc_pob_visa_class.xlsx,792
2023,9,FSC,Laos,IR5,16,2023-09_dos_iv_fsc_pob_visa_class.xlsx,793
2023,9,FSC,Latvia,CR1,1,2023-09_dos_iv_fsc_pob_visa_class.xlsx,794
2023,9,FSC,Latvia,IR1,2,2023-09_dos_iv_fsc_pob_visa_class.xlsx,795
2023,9,FSC,Latvia,IR5,2,2023-09_dos_iv_fsc_pob_visa_class.xlsx,796
2023,9,FSC,Lebanon,CR1,1,2023-09_dos_iv_fsc_pob_visa_class.xlsx,797
2023,9,FSC,Lebanon,CR2,1,2023-09_dos_iv_fsc_pob_visa_class.xlsx,798
2023,9,FSC,Lebanon,DV,6,2023-09_dos_iv_fsc_pob_visa_class.xlsx,799
2023,9,FSC,Lebanon,E1,1,2023-09_dos_iv_fsc_pob_visa_class.xlsx,800
2023,9,FSC,Lebanon,F2B,1,2023-09_dos_iv_fsc_pob_visa_class.xlsx,801
2023,9,FSC,Lebanon,F3,1,2023-09_dos_iv_fsc_pob_visa_class.xlsx,802
2023,9,FSC,Lebanon,F4,13,2023-09_dos_iv_fsc_pob_visa_class.xlsx,803
2023,9,FSC,Lebanon,I5,5,2023-09_dos_iv_fsc_pob_visa_class.xlsx,804
2023,9,FSC,Lebanon,IR1,14,2023-09_dos_iv_fsc_pob_visa_class.xlsx,805
2023,9,FSC,Lebanon,IR2,2,2023-09_dos_iv_fsc_pob_visa_class.xlsx,806
2023,9,FSC,Lebanon,IR5,33,2023-09_dos_iv_fsc_pob_visa_class.xlsx,807
2023,9,FSC,Liberia,CR1,1,2023-09_dos_iv_fsc_pob_visa_class.xlsx,808
2023,9,FSC,Liberia,DV,72,2023-09_dos_iv_fsc_pob_visa_class.xlsx,809
2023,9,FSC,Liberia,E1,3,2023-09_dos_iv_fsc_pob_visa_class.xlsx,810
2023,9,FSC,Liberia,F1,5,2023-09_dos_iv_fsc_pob_visa_class.xlsx,811
2023,9,FSC,Liberia,F2A,7,2023-09_dos_iv_fsc_pob_visa_class.xlsx,812
2023,9,FSC,Liberia,F4,1,2023-09_dos_iv_fsc_pob_visa_class.xlsx,813
2023,9,FSC,Liberia,IR1,12,2023-09_dos_iv_fsc_pob_visa_class.xlsx,814
2023,9,FSC,Liberia,IR2,49,2023-09_dos_iv_fsc_pob_visa_class.xlsx,815
2023,9,FSC,Liberia,IR5,19,2023-09_dos_iv_fsc_pob_visa_class.xlsx,816
2023,9,FSC,Libya,DV,24,2023-09_dos_iv_fsc_pob_visa_class.xlsx,817
2023,9,FSC,Libya,F4,1,2023-09_dos_iv_fsc_pob_visa_class.xlsx,818
2023,9,FSC,Libya,IR1,2,2023-09_dos_iv_fsc_pob_visa_class.xlsx,819
2023,9,FSC,Libya,IR2,3,2023-09_dos_iv_fsc_pob_visa_class.xlsx,820
2023,9,FSC,Libya,IR5,2,2023-09_dos_iv_fsc_pob_visa_class.xlsx,821
2023,9,FSC,Lithuania,CR1,1,2023-09_dos_iv_fsc_pob_visa_class.xlsx,822
2023,9,FSC,Lithuania,DV,1,2023-09_dos_iv_fsc_pob_visa_class.xlsx,823
2023,9,FSC,Lithuania,E1,1,2023-09_dos_iv_fsc_pob_visa_class.xlsx,824
2023,9,FSC,Lithuania,IR1,3,2023-09_dos_iv_fsc_pob_visa_class.xlsx,825
2023,9,FSC,Lithuania,IR5,4,2023-09_dos_iv_fsc_pob_visa_class.xlsx,826
2023,9,FSC,Luxembourg,CR1,1,2023-09_dos_iv_fsc_pob_visa_class.xlsx,827
2023,9,FSC,Macau,F2B,3,2023-09_dos_iv_fsc_pob_visa_class.xlsx,828
2023,9,FSC,Macau,F3,1,2023-09_dos_iv_fsc_pob_visa_class.xlsx,829
2023,9,FSC,Macau,F4,2,2023-09_dos_iv_fsc_pob_visa_class.xlsx,830
2023,9,FSC,Macau,IR5,1,2023-09_dos_iv_fsc_pob_visa_class.xlsx,831
2023,9,FSC,Malawi,EW,5,2023-09_dos_iv_fsc_pob_visa_class.xlsx,832
2023,9,FSC,Malawi,F4,4,2023-09_dos_iv_fsc_pob_visa_class.xlsx,833
2023,9,FSC,Malawi,IR1,1,2023-09_dos_iv_fsc_pob_visa_class.xlsx,834
2023,9,FSC,Malawi,IR2,1,2023-09_dos_iv_fsc_pob_visa_class.xlsx,835
2023,9,FSC,Malaysia,CR1,1,2023-09_dos_iv_fsc_pob_visa_class.xlsx,836
2023,9,FSC,Malaysia,E2,3,2023-09_dos_iv_fsc_pob_visa_class.xlsx,837
2023,9,FSC,Malaysia,IR1,3,2023-09_dos_iv_fsc_pob_visa_class.xlsx,838
2023,9,FSC,Malaysia,IR2,1,2023-09_dos_iv_fsc_pob_visa_class.xlsx,839
2023,9,FSC,Malaysia,IR5,6,2023-09_dos_iv_fsc_pob_visa_class.xlsx,840
2023,9,FSC,Maldives,IR1,1,2023-09_dos_iv_fsc_pob_visa_class.xlsx,841
2023,9,FSC,Mali,CR1,1,2023-09_dos_iv_fsc_pob_visa_class.xlsx,842
2023,9,FSC,Mali,DV,3,2023-09_dos_iv_fsc_pob_visa_class.xlsx,843
2023,9,FSC,Mali,F2A,2,2023-09_dos_iv_fsc_pob_visa_class.xlsx,844
2023,9,FSC,Mali,IR1,8,2023-09_dos_iv_fsc_pob_visa_class.xlsx,845
2023,9,FSC,Mali,IR2,7,2023-09_dos_iv_fsc_pob_visa_class.xlsx,846
2023,9,FSC,Mali,IR5,9,2023-09_dos_iv_fsc_pob_visa_class.xlsx,847
2023,9,FSC,Malta,IR1,1,2023-09_dos_iv_fsc_pob_visa_class.xlsx,848
2023,9,FSC,Mauritania,CR1,1,2023-09_dos_iv_fsc_pob_visa_class.xlsx,849
2023,9,FSC,Mauritania,DV,13,2023-09_dos_iv_fsc_pob_visa_class.xlsx,850
2023,9,FSC,Mauritania,IR1,4,2023-09_dos_iv_fsc_pob_visa_class.xlsx,851
2023,9,FSC,Mauritania,IR2,3,2023-09_dos_iv_fsc_pob_visa_class.xlsx,852
2023,9,FSC,Mauritania,IR5,1,2023-09_dos_iv_fsc_pob_visa_class.xlsx,853
2023,9,FSC,Mexico,CR1,23,2023-09_dos_iv_fsc_pob_visa_class.xlsx,854
2023,9,FSC,Mexico,CR2,17,2023-09_dos_iv_fsc_pob_visa_class.xlsx,855
2023,9,FSC,Mexico,E1,9,2023-09_dos_iv_fsc_pob_visa_class.xlsx,856
2023,9,FSC,Mexico,E2,1,2023-09_dos_iv_fsc_pob_visa_class.xlsx,857
2023,9,FSC,Mexico,E3,8,2023-09_dos_iv_fsc_pob_visa_class.xlsx,858
2023,9,FSC,Mexico,EW,37,2023-09_dos_iv_fsc_pob_visa_class.xlsx,859
2023,9,FSC,Mexico,F1,160,2023-09_dos_iv_fsc_pob_visa_class.xlsx,860
2023,9,FSC,Mexico,F2B,180,2023-09_dos_iv_fsc_pob_visa_class.xlsx,861
2023,9,FSC,Mexico,F3,42,2023-09_dos_iv_fsc_pob_visa_class.xlsx,862
2023,9,FSC,Mexico,F4,654,2023-09_dos_iv_fsc_pob_visa_class.xlsx,863
2023,9,FSC,Mexico,FX,78,2023-09_dos_iv_fsc_pob_visa_class.xlsx,864
2023,9,FSC,Mexico,I5,1,2023-09_dos_iv_fsc_pob_visa_class.xlsx,865
2023,9,FSC,Mexico,IB2,1,2023-09_dos_iv_fsc_pob_visa_class.xlsx,866
2023,9,FSC,Mexico,IH3,1,2023-09_dos_iv_fsc_pob_visa_class.xlsx,867
2023,9,FSC,Mexico,IR1,1895,2023-09_dos_iv_fsc_pob_visa_class.xlsx,868
2023,9,FSC,Mexico,IR2,1207,2023-09_dos_iv_fsc_pob_visa_class.xlsx,869
2023,9,FSC,Mexico,IR5,1247,2023-09_dos_iv_fsc_pob_visa_class.xlsx,870
2023,9,FSC,Mexico,IW,26,2023-09_dos_iv_fsc_pob_visa_class.xlsx,871
2023,9,FSC,Mexico,SU,8,2023-09_dos_iv_fsc_pob_visa_class.xlsx,872
2023,9,FSC,Moldova,CR1,2,2023-09_dos_iv_fsc_pob_visa_class.xlsx,873
2023,9,FSC,Moldova,CR2,2,2023-09_dos_iv_fsc_pob_visa_class.xlsx,874
2023,9,FSC,Moldova,F1,4,2023-09_dos_iv_fsc_pob_visa_class.xlsx,875
2023,9,FSC,Moldova,IR1,3,2023-09_dos_iv_fsc_pob_visa_class.xlsx,876
2023,9,FSC,Moldova,IR2,1,2023-09_dos_iv_fsc_pob_visa_class.xlsx,877
2023,9,FSC,Moldova,IR5,27,2023-09_dos_iv_fsc_pob_visa_class.xlsx,878
2023,9,FSC,Mongolia,E1,4,2023-09_dos_iv_fsc_pob_visa_class.xlsx,879
2023,9,FSC,Mongolia,E3,1,2023-09_dos_iv_fsc_pob_visa_class.xlsx,880
2023,9,FSC,Mongolia,IR1,2,2023-09_dos_iv_fsc_pob_visa_class.xlsx,881
2023,9,FSC,Mongolia,IR2,1,2023-09_dos_iv_fsc_pob_visa_class.xlsx,882
2023,9,FSC,Mongolia,IR5,3,2023-09_dos_iv_fsc_pob_visa_class.xlsx,883
2023,9,FSC,Montenegro,E1,1,2023-09_dos_iv_fsc_pob_visa_class.xlsx,884
2023,9,FSC,Montenegro,E2,2,2023-09_dos_iv_fsc_pob_visa_class.xlsx,885
2023,9,FSC,Montenegro,F1,1,2023-09_dos_iv_fsc_pob_visa_class.xlsx,886
2023,9,FSC,Montenegro,IR1,1,2023-09_dos_iv_fsc_pob_visa_class.xlsx,887
2023,9,FSC,Montenegro,IR5,5,2023-09_dos_iv_fsc_pob_visa_class.xlsx,888
2023,9,FSC,Morocco,CR1,42,2023-09_dos_iv_fsc_pob_visa_class.xlsx,889
2023,9,FSC,Morocco,CR2,2,2023-09_dos_iv_fsc_pob_visa_class.xlsx,890
2023,9,FSC,Morocco,DV,73,2023-09_dos_iv_fsc_pob_visa_class.xlsx,891
2023,9,FSC,Morocco,EW,1,2023-09_dos_iv_fsc_pob_visa_class.xlsx,892
2023,9,FSC,Morocco,F2A,2,2023-09_dos_iv_fsc_pob_visa_class.xlsx,893
2023,9,FSC,Morocco,F2B,1,2023-09_dos_iv_fsc_pob_visa_class.xlsx,894
2023,9,FSC,Morocco,F3,4,2023-09_dos_iv_fsc_pob_visa_class.xlsx,895
2023,9,FSC,Morocco,F4,15,2023-09_dos_iv_fsc_pob_visa_class.xlsx,896
2023,9,FSC,Morocco,IR1,65,2023-09_dos_iv_fsc_pob_visa_class.xlsx,897
2023,9,FSC,Morocco,IR2,5,2023-09_dos_iv_fsc_pob_visa_class.xlsx,898
2023,9,FSC,Morocco,IR4,6,2023-09_dos_iv_fsc_pob_visa_class.xlsx,899
2023,9,FSC,Morocco,IR5,40,2023-09_dos_iv_fsc_pob_visa_class.xlsx,900
2023,9,FSC,Mozambique,IR5,1,2023-09_dos_iv_fsc_pob_visa_class.xlsx,901
2023,9,FSC,Namibia,IR1,1,2023-09_dos_iv_fsc_pob_visa_class.xlsx,902
2023,9,FSC,Namibia,IR2,1,2023-09_dos_iv_fsc_pob_visa_class.xlsx,903
2023,9,FSC,Nepal,CR1,142,2023-09_dos_iv_fsc_pob_visa_class.xlsx,904
2023,9,FSC,Nepal,DV,123,2023-09_dos_iv_fsc_pob_visa_class.xlsx,905
2023,9,FSC,Nepal,EW,6,2023-09_dos_iv_fsc_pob_visa_class.xlsx,906
2023,9,FSC,Nepal,F4,3,2023-09_dos_iv_fsc_pob_visa_class.xlsx,907
2023,9,FSC,Nepal,IR1,59,2023-09_dos_iv_fsc_pob_visa_class.xlsx,908
2023,9,FSC,Nepal,IR2,14,2023-09_dos_iv_fsc_pob_visa_class.xlsx,909
2023,9,FSC,Nepal,IR5,226,2023-09_dos_iv_fsc_pob_visa_class.xlsx,910
2023,9,FSC,Nepal,SB1,2,2023-09_dos_iv_fsc_pob_visa_class.xlsx,911
2023,9,FSC,Nepal,SU,1,2023-09_dos_iv_fsc_pob_visa_class.xlsx,912
2023,9,FSC,Netherlands,CR1,5,2023-09_dos_iv_fsc_pob_visa_class.xlsx,913
2023,9,FSC,Netherlands,E2,1,2023-09_dos_iv_fsc_pob_visa_class.xlsx,914
2023,9,FSC,Netherlands,IR1,8,2023-09_dos_iv_fsc_pob_visa_class.xlsx,915
2023,9,FSC,Netherlands,IR2,1,2023-09_dos_iv_fsc_pob_visa_class.xlsx,916
2023,9,FSC,Netherlands,SB1,1,2023-09_dos_iv_fsc_pob_visa_class.xlsx,917
2023,9,FSC,New Zealand,DV,16,2023-09_dos_iv_fsc_pob_visa_class.xlsx,918
2023,9,FSC,New Zealand,E2,1,2023-09_dos_iv_fsc_pob_visa_class.xlsx,919
2023,9,FSC,New Zealand,F3,1,2023-09_dos_iv_fsc_pob_visa_class.xlsx,920
2023,9,FSC,New Zealand,IR1,2,2023-09_dos_iv_fsc_pob_visa_class.xlsx,921
2023,9,FSC,Nicaragua,CR1,10,2023-09_dos_iv_fsc_pob_visa_class.xlsx,922
2023,9,FSC,Nicaragua,CR2,1,2023-09_dos_iv_fsc_pob_visa_class.xlsx,923
2023,9,FSC,Nicaragua,DV,1,2023-09_dos_iv_fsc_pob_visa_class.xlsx,924
2023,9,FSC,Nicaragua,E3,1,2023-09_dos_iv_fsc_pob_visa_class.xlsx,925
2023,9,FSC,Nicaragua,F1,5,2023-09_dos_iv_fsc_pob_visa_class.xlsx,926
2023,9,FSC,Nicaragua,F2A,2,2023-09_dos_iv_fsc_pob_visa_class.xlsx,927
2023,9,FSC,Nicaragua,F2B,2,2023-09_dos_iv_fsc_pob_visa_class.xlsx,928
2023,9,FSC,Nicaragua,F3,6,2023-09_dos_iv_fsc_pob_visa_class.xlsx,929
2023,9,FSC,Nicaragua,F4,3,2023-09_dos_iv_fsc_pob_visa_class.xlsx,930
2023,9,FSC,Nicaragua,IR1,40,2023-09_dos_iv_fsc_pob_visa_class.xlsx,931
2023,9,FSC,Nicaragua,IR2,42,2023-09_dos_iv_fsc_pob_visa_class.xlsx,932
2023,9,FSC,Nicaragua,IR5,29,2023-09_dos_iv_fsc_pob_visa_class.xlsx,933
2023,9,FSC,Nicaragua,IW,2,2023-09_dos_iv_fsc_pob_visa_class.xlsx,934
2023,9,FSC,Nigeria,CR1,14,2023-09_dos_iv_fsc_pob_visa_class.xlsx,935
2023,9,FSC,Nigeria,E2,22,2023-09_dos_iv_fsc_pob_visa_class.xlsx,936
2023,9,FSC,Nigeria,E3,3,2023-09_dos_iv_fsc_pob_visa_class.xlsx,937
2023,9,FSC,Nigeria,EW,3,2023-09_dos_iv_fsc_pob_visa_class.xlsx,938
2023,9,FSC,Nigeria,F1,11,2023-09_dos_iv_fsc_pob_visa_class.xlsx,939
2023,9,FSC,Nigeria,F2A,2,2023-09_dos_iv_fsc_pob_visa_class.xlsx,940
2023,9,FSC,Nigeria,F2B,6,2023-09_dos_iv_fsc_pob_visa_class.xlsx,941
2023,9,FSC,Nigeria,F4,50,2023-09_dos_iv_fsc_pob_visa_class.xlsx,942
2023,9,FSC,Nigeria,IB1,1,2023-09_dos_iv_fsc_pob_visa_class.xlsx,943
2023,9,FSC,Nigeria,IR1,179,2023-09_dos_iv_fsc_pob_visa_class.xlsx,944
2023,9,FSC,Nigeria,IR2,130,2023-09_dos_iv_fsc_pob_visa_class.xlsx,945
2023,9,FSC,Nigeria,IR3,4,2023-09_dos_iv_fsc_pob_visa_class.xlsx,946
2023,9,FSC,Nigeria,IR5,100,2023-09_dos_iv_fsc_pob_visa_class.xlsx,947
2023,9,FSC,Nigeria,IW,3,2023-09_dos_iv_fsc_pob_visa_class.xlsx,948
2023,9,FSC,Nigeria,SB1,3,2023-09_dos_iv_fsc_pob_visa_class.xlsx,949
2023,9,FSC,North Macedonia,CR1,5,2023-09_dos_iv_fsc_pob_visa_class.xlsx,950
2023,9,FSC,North Macedonia,DV,1,2023-09_dos_iv_fsc_pob_visa_class.xlsx,951
2023,9,FSC,North Macedonia,EW,5,2023-09_dos_iv_fsc_pob_visa_class.xlsx,952
2023,9,FSC,North Macedonia,F4,1,2023-09_dos_iv_fsc_pob_visa_class.xlsx,953
2023,9,FSC,North Macedonia,FX,3,2023-09_dos_iv_fsc_pob_visa_class.xlsx,954
2023,9,FSC,North Macedonia,IR2,2,2023-09_dos_iv_fsc_pob_visa_class.xlsx,955
2023,9,FSC,North Macedonia,IR5,22,2023-09_dos_iv_fsc_pob_visa_class.xlsx,956
2023,9,FSC,Norway,CR1,4,2023-09_dos_iv_fsc_pob_visa_class.xlsx,957
2023,9,FSC,Norway,DV,2,2023-09_dos_iv_fsc_pob_visa_class.xlsx,958
2023,9,FSC,Norway,E2,1,2023-09_dos_iv_fsc_pob_visa_class.xlsx,959
2023,9,FSC,Norway,IR1,1,2023-09_dos_iv_fsc_pob_visa_class.xlsx,960
2023,9,FSC,Oman,E3,1,2023-09_dos_iv_fsc_pob_visa_class.xlsx,961
2023,9,FSC,Oman,IR1,2,2023-09_dos_iv_fsc_pob_visa_class.xlsx,962
2023,9,FSC,Pakistan,CR1,23,2023-09_dos_iv_fsc_pob_visa_class.xlsx,963
2023,9,FSC,Pakistan,E1,3,2023-09_dos_iv_fsc_pob_visa_class.xlsx,964
2023,9,FSC,Pakistan,E2,6,2023-09_dos_iv_fsc_pob_visa_class.xlsx,965
2023,9,FSC,Pakistan,E3,7,2023-09_dos_iv_fsc_pob_visa_class.xlsx,966
2023,9,FSC,Pakistan,EW,11,2023-09_dos_iv_fsc_pob_visa_class.xlsx,967
2023,9,FSC,Pakistan,F1,5,2023-09_dos_iv_fsc_pob_visa_class.xlsx,968
2023,9,FSC,Pakistan,F2A,5,2023-09_dos_iv_fsc_pob_visa_class.xlsx,969
2023,9,FSC,Pakistan,F2B,3,2023-09_dos_iv_fsc_pob_visa_class.xlsx,970
2023,9,FSC,Pakistan,F3,47,2023-09_dos_iv_fsc_pob_visa_class.xlsx,971
2023,9,FSC,Pakistan,F4,109,2023-09_dos_iv_fsc_pob_visa_class.xlsx,972
2023,9,FSC,Pakistan,FX,2,2023-09_dos_iv_fsc_pob_visa_class.xlsx,973
2023,9,FSC,Pakistan,IB1,5,2023-09_dos_iv_fsc_pob_visa_class.xlsx,974
2023,9,FSC,Pakistan,IR1,216,2023-09_dos_iv_fsc_pob_visa_class.xlsx,975
2023,9,FSC,Pakistan,IR2,53,2023-09_dos_iv_fsc_pob_visa_class.xlsx,976
2023,9,FSC,Pakistan,IR4,1,2023-09_dos_iv_fsc_pob_visa_class.xlsx,977
2023,9,FSC,Pakistan,IR5,178,2023-09_dos_iv_fsc_pob_visa_class.xlsx,978
2023,9,FSC,Pakistan,IW,1,2023-09_dos_iv_fsc_pob_visa_class.xlsx,979
2023,9,FSC,Pakistan,SB1,4,2023-09_dos_iv_fsc_pob_visa_class.xlsx,980
2023,9,FSC,Pakistan,SQ2,1,2023-09_dos_iv_fsc_pob_visa_class.xlsx,981
2023,9,FSC,Pakistan,SQ3,4,2023-09_dos_iv_fsc_pob_visa_class.xlsx,982
2023,9,FSC,Panama,CR1,2,2023-09_dos_iv_fsc_pob_visa_class.xlsx,983
2023,9,FSC,Panama,CR2,2,2023-09_dos_iv_fsc_pob_visa_class.xlsx,984
2023,9,FSC,Panama,E2,4,2023-09_dos_iv_fsc_pob_visa_class.xlsx,985
2023,9,FSC,Panama,IR1,11,2023-09_dos_iv_fsc_pob_visa_class.xlsx,986
2023,9,FSC,Panama,IR2,4,2023-09_dos_iv_fsc_pob_visa_class.xlsx,987
2023,9,FSC,Panama,IR5,5,2023-09_dos_iv_fsc_pob_visa_class.xlsx,988
2023,9,FSC,Paraguay,CR1,1,2023-09_dos_iv_fsc_pob_visa_class.xlsx,989
2023,9,FSC,Paraguay,IR1,1,2023-09_dos_iv_fsc_pob_visa_class.xlsx,990
2023,9,FSC,Paraguay,IR2,2,2023-09_dos_iv_fsc_pob_visa_class.xlsx,991
2023,9,FSC,Peru,CR1,18,2023-09_dos_iv_fsc_pob_visa_class.xlsx,992
2023,9,FSC,Peru,CR2,3,2023-09_dos_iv_fsc_pob_visa_class.xlsx,993
2023,9,FSC,Peru,DV,53,2023-09_dos_iv_fsc_pob_visa_class.xlsx,994
2023,9,FSC,Peru,E2,5,2023-09_dos_iv_fsc_pob_visa_class.xlsx,995
2023,9,FSC,Peru,E3,8,2023-09_dos_iv_fsc_pob_visa_class.xlsx,996
2023,9,FSC,Peru,EW,20,2023-09_dos_iv_fsc_pob_visa_class.xlsx,997
2023,9,FSC,Peru,F1,35,2023-09_dos_iv_fsc_pob_visa_class.xlsx,998
2023,9,FSC,Peru,F2A,23,2023-09_dos_iv_fsc_pob_visa_class.xlsx,999
2023,9,FSC,Peru,F2B,22,2023-09_dos_iv_fsc_pob_visa_class.xlsx,1000
2023,9,FSC,Peru,F3,16,2023-09_dos_iv_fsc_pob_visa_class.xlsx,1001
2023,9,FSC,Peru,F4,43,2023-09_dos_iv_fsc_pob_visa_class.xlsx,1002
2023,9,FSC,Peru,IB1,1,2023-09_dos_iv_fsc_pob_visa_class.xlsx,1003
2023,9,FSC,Peru,IR1,28,2023-09_dos_iv_fsc_pob_visa_class.xlsx,1004
2023,9,FSC,Peru,IR2,37,2023-09_dos_iv_fsc_pob_visa_class.xlsx,1005
2023,9,FSC,Peru,IR5,76,2023-09_dos_iv_fsc_pob_visa_class.xlsx,1006
2023,9,FSC,Peru,SB1,1,2023-09_dos_iv_fsc_pob_visa_class.xlsx,1007
2023,9,FSC,Philippines,CR1,38,2023-09_dos_iv_fsc_pob_visa_class.xlsx,1008
2023,9,FSC,Philippines,CR2,3,2023-09_dos_iv_fsc_pob_visa_class.xlsx,1009
2023,9,FSC,Philippines,E1,2,2023-09_dos_iv_fsc_pob_visa_class.xlsx,1010
2023,9,FSC,Philippines,E2,5,2023-09_dos_iv_fsc_pob_visa_class.xlsx,1011
2023,9,FSC,Philippines,E3,119,2023-09_dos_iv_fsc_pob_visa_class.xlsx,1012
2023,9,FSC,Philippines,EW,72,2023-09_dos_iv_fsc_pob_visa_class.xlsx,1013
2023,9,FSC,Philippines,F1,350,2023-09_dos_iv_fsc_pob_visa_class.xlsx,1014
2023,9,FSC,Philippines,F2A,21,2023-09_dos_iv_fsc_pob_visa_class.xlsx,1015
2023,9,FSC,Philippines,F2B,341,2023-09_dos_iv_fsc_pob_visa_class.xlsx,1016
2023,9,FSC,Philippines,F3,128,2023-09_dos_iv_fsc_pob_visa_class.xlsx,1017
2023,9,FSC,Philippines,F4,276,2023-09_dos_iv_fsc_pob_visa_class.xlsx,1018
2023,9,FSC,Philippines,FX,2,2023-09_dos_iv_fsc_pob_visa_class.xlsx,1019
2023,9,FSC,Philippines,IH4,7,2023-09_dos_iv_fsc_pob_visa_class.xlsx,1020
2023,9,FSC,Philippines,IR1,171,2023-09_dos_iv_fsc_pob_visa_class.xlsx,1021
2023,9,FSC,Philippines,IR2,268,2023-09_dos_iv_fsc_pob_visa_class.xlsx,1022
2023,9,FSC,Philippines,IR5,307,2023-09_dos_iv_fsc_pob_visa_class.xlsx,1023
2023,9,FSC,Philippines,IW,13,2023-09_dos_iv_fsc_pob_visa_class.xlsx,1024
2023,9,FSC,Philippines,SB1,4,2023-09_dos_iv_fsc_pob_visa_class.xlsx,1025
2023,9,FSC,Poland,CR1,8,2023-09_dos_iv_fsc_pob_visa_class.xlsx,1026
2023,9,FSC,Poland,DV,5,2023-09_dos_iv_fsc_pob_visa_class.xlsx,1027
2023,9,FSC,Poland,E3,2,2023-09_dos_iv_fsc_pob_visa_class.xlsx,1028
2023,9,FSC,Poland,EW,7,2023-09_dos_iv_fsc_pob_visa_class.xlsx,1029
2023,9,FSC,Poland,F1,2,2023-09_dos_iv_fsc_pob_visa_class.xlsx,1030
2023,9,FSC,Poland,F3,6,2023-09_dos_iv_fsc_pob_visa_class.xlsx,1031
2023,9,FSC,Poland,F4,1,2023-09_dos_iv_fsc_pob_visa_class.xlsx,1032
2023,9,FSC,Poland,IH3,1,2023-09_dos_iv_fsc_pob_visa_class.xlsx,1033
2023,9,FSC,Poland,IR1,14,2023-09_dos_iv_fsc_pob_visa_class.xlsx,1034
2023,9,FSC,Poland,IR2,2,2023-09_dos_iv_fsc_pob_visa_class.xlsx,1035
2023,9,FSC,Poland,IR5,15,2023-09_dos_iv_fsc_pob_visa_class.xlsx,1036
2023,9,FSC,Poland,SB1,2,2023-09_dos_iv_fsc_pob_visa_class.xlsx,1037
2023,9,FSC,Portugal,CR1,2,2023-09_dos_iv_fsc_pob_visa_class.xlsx,1038
2023,9,FSC,Portugal,DV,1,2023-09_dos_iv_fsc_pob_visa_class.xlsx,1039
2023,9,FSC,Portugal,E2,2,2023-09_dos_iv_fsc_pob_visa_class.xlsx,1040
2023,9,FSC,Portugal,EW,2,2023-09_dos_iv_fsc_pob_visa_class.xlsx,1041
2023,9,FSC,Portugal,IR1,3,2023-09_dos_iv_fsc_pob_visa_class.xlsx,1042
2023,9,FSC,Portugal,IR2,3,2023-09_dos_iv_fsc_pob_visa_class.xlsx,1043
2023,9,FSC,Portugal,IR5,1,2023-09_dos_iv_fsc_pob_visa_class.xlsx,1044
2023,9,FSC,Qatar,CR1,1,2023-09_dos_iv_fsc_pob_visa_class.xlsx,1045
2023,9,FSC,Qatar,DV,4,2023-09_dos_iv_fsc_pob_visa_class.xlsx,1046
2023,9,FSC,Qatar,E2,6,2023-09_dos_iv_fsc_pob_visa_class.xlsx,1047
2023,9,FSC,Qatar,F3,3,2023-09_dos_iv_fsc_pob_visa_class.xlsx,1048
2023,9,FSC,Qatar,IR1,7,2023-09_dos_iv_fsc_pob_visa_class.xlsx,1049
2023,9,FSC,Qatar,IR2,3,2023-09_dos_iv_fsc_pob_visa_class.xlsx,1050
2023,9,FSC,Romania,CR1,6,2023-09_dos_iv_fsc_pob_visa_class.xlsx,1051
2023,9,FSC,Romania,F3,4,2023-09_dos_iv_fsc_pob_visa_class.xlsx,1052
2023,9,FSC,Romania,IR1,5,2023-09_dos_iv_fsc_pob_visa_class.xlsx,1053
2023,9,FSC,Romania,IR5,22,2023-09_dos_iv_fsc_pob_visa_class.xlsx,1054
2023,9,FSC,Romania,SB1,1,2023-09_dos_iv_fsc_pob_visa_class.xlsx,1055
2023,9,FSC,Russia,CR1,11,2023-09_dos_iv_fsc_pob_visa_class.xlsx,1056
2023,9,FSC,Russia,CR2,4,2023-09_dos_iv_fsc_pob_visa_class.xlsx,1057
2023,9,FSC,Russia,DV,68,2023-09_dos_iv_fsc_pob_visa_class.xlsx,1058
2023,9,FSC,Russia,E1,43,2023-09_dos_iv_fsc_pob_visa_class.xlsx,1059
2023,9,FSC,Russia,E2,12,2023-09_dos_iv_fsc_pob_visa_class.xlsx,1060
2023,9,FSC,Russia,E3,2,2023-09_dos_iv_fsc_pob_visa_class.xlsx,1061
2023,9,FSC,Russia,EW,1,2023-09_dos_iv_fsc_pob_visa_class.xlsx,1062
2023,9,FSC,Russia,F1,5,2023-09_dos_iv_fsc_pob_visa_class.xlsx,1063
2023,9,FSC,Russia,F2A,2,2023-09_dos_iv_fsc_pob_visa_class.xlsx,1064
2023,9,FSC,Russia,F3,2,2023-09_dos_iv_fsc_pob_visa_class.xlsx,1065
2023,9,FSC,Russia,F4,7,2023-09_dos_iv_fsc_pob_visa_class.xlsx,1066
2023,9,FSC,Russia,IR1,23,2023-09_dos_iv_fsc_pob_visa_class.xlsx,1067
2023,9,FSC,Russia,IR2,24,2023-09_dos_iv_fsc_pob_visa_class.xlsx,1068
2023,9,FSC,Russia,IR5,114,2023-09_dos_iv_fsc_pob_visa_class.xlsx,1069
2023,9,FSC,Russia,SB1,1,2023-09_dos_iv_fsc_pob_visa_class.xlsx,1070
2023,9,FSC,Rwanda,CR1,7,2023-09_dos_iv_fsc_pob_visa_class.xlsx,1071
2023,9,FSC,Rwanda,DV,1,2023-09_dos_iv_fsc_pob_visa_class.xlsx,1072
2023,9,FSC,Rwanda,IR1,2,2023-09_dos_iv_fsc_pob_visa_class.xlsx,1073
2023,9,FSC,Rwanda,IR2,2,2023-09_dos_iv_fsc_pob_visa_class.xlsx,1074
2023,9,FSC,Rwanda,IR5,4,2023-09_dos_iv_fsc_pob_visa_class.xlsx,1075
2023,9,FSC,Saint Kitts and Nevis,F1,2,2023-09_dos_iv_fsc_pob_visa_class.xlsx,1076
2023,9,FSC,Saint Kitts and Nevis,F4,4,2023-09_dos_iv_fsc_pob_visa_class.xlsx,1077
2023,9,FSC,Saint Kitts and Nevis,IR2,1,2023-09_dos_iv_fsc_pob_visa_class.xlsx,1078
2023,9,FSC,Saint Kitts and Nevis,IR5,4,2023-09_dos_iv_fsc_pob_visa_class.xlsx,1079
2023,9,FSC,Saint Lucia,CR1,3,2023-09_dos_iv_fsc_pob_visa_class.xlsx,1080
2023,9,FSC,Saint Lucia,F3,1,2023-09_dos_iv_fsc_pob_visa_class.xlsx,1081
2023,9,FSC,Saint Lucia,F4,1,2023-09_dos_iv_fsc_pob_visa_class.xlsx,1082
2023,9,FSC,Saint Lucia,IR1,4,2023-09_dos_iv_fsc_pob_visa_class.xlsx,1083
2023,9,FSC,Saint Lucia,IR2,7,2023-09_dos_iv_fsc_pob_visa_class.xlsx,1084
2023,9,FSC,Saint Lucia,IR3,1,2023-09_dos_iv_fsc_pob_visa_class.xlsx,1085
2023,9,FSC,Saint Lucia,IR5,3,2023-09_dos_iv_fsc_pob_visa_class.xlsx,1086
2023,9,FSC,Saint Martin,F1,2,2023-09_dos_iv_fsc_pob_visa_class.xlsx,1087
2023,9,FSC,Saint Martin,F2B,2,2023-09_dos_iv_fsc_pob_visa_class.xlsx,1088
2023,9,FSC,Saint Martin,IR2,1,2023-09_dos_iv_fsc_pob_visa_class.xlsx,1089
2023,9,FSC,Saint Vincent and the Grenadines,F1,1,2023-09_dos_iv_fsc_pob_visa_class.xlsx,1090
2023,9,FSC,Saint Vincent and the Grenadines,IR1,1,2023-09_dos_iv_fsc_pob_visa_class.xlsx,1091
2023,9,FSC,Saint Vincent and the Grenadines,IR2,2,2023-09_dos_iv_fsc_pob_visa_class.xlsx,1092
2023,9,FSC,Saint Vincent and the Grenadines,IR5,2,2023-09_dos_iv_fsc_pob_visa_class.xlsx,1093
2023,9,FSC,Samoa,DV,4,2023-09_dos_iv_fsc_pob_visa_class.xlsx,1094
2023,9,FSC,Samoa,IR1,1,2023-09_dos_iv_fsc_pob_visa_class.xlsx,1095
2023,9,FSC,Samoa,IR5,1,2023-09_dos_iv_fsc_pob_visa_class.xlsx,1096
2023,9,FSC,Sao Tome and Principe,IR5,2,2023-09_dos_iv_fsc_pob_visa_class.xlsx,1097
2023,9,FSC,Saudi Arabia,CR1,8,2023-09_dos_iv_fsc_pob_visa_class.xlsx,1098
2023,9,FSC,Saudi Arabia,DV,25,2023-09_dos_iv_fsc_pob_visa_class.xlsx,1099
2023,9,FSC,Saudi Arabia,E1,5,2023-09_dos_iv_fsc_pob_visa_class.xlsx,1100
2023,9,FSC,Saudi Arabia,E2,5,2023-09_dos_iv_fsc_pob_visa_class.xlsx,1101
2023,9,FSC,Saudi Arabia,E3,6,2023-09_dos_iv_fsc_pob_visa_class.xlsx,1102
2023,9,FSC,Saudi Arabia,EW,1,2023-09_dos_iv_fsc_pob_visa_class.xlsx,1103
2023,9,FSC,Saudi Arabia,F1,2,2023-09_dos_iv_fsc_pob_visa_class.xlsx,1104
2023,9,FSC,Saudi Arabia,F2A,3,2023-09_dos_iv_fsc_pob_visa_class.xlsx,1105
2023,9,FSC,Saudi Arabia,F4,6,2023-09_dos_iv_fsc_pob_visa_class.xlsx,1106
2023,9,FSC,Saudi Arabia,IR1,17,2023-09_dos_iv_fsc_pob_visa_class.xlsx,1107
2023,9,FSC,Saudi Arabia,IR2,18,2023-09_dos_iv_fsc_pob_visa_class.xlsx,1108
2023,9,FSC,Saudi Arabia,IR5,3,2023-09_dos_iv_fsc_pob_visa_class.xlsx,1109
2023,9,FSC,Saudi Arabia,SQ2,1,2023-09_dos_iv_fsc_pob_visa_class.xlsx,1110
2023,9,FSC,Senegal,CR1,4,2023-09_dos_iv_fsc_pob_visa_class.xlsx,1111
2023,9,FSC,Senegal,DV,5,2023-09_dos_iv_fsc_pob_visa_class.xlsx,1112
2023,9,FSC,Senegal,F1,5,2023-09_dos_iv_fsc_pob_visa_class.xlsx,1113
2023,9,FSC,Senegal,F2A,1,2023-09_dos_iv_fsc_pob_visa_class.xlsx,1114
2023,9,FSC,Senegal,F2B,1,2023-09_dos_iv_fsc_pob_visa_class.xlsx,1115
2023,9,FSC,Senegal,F4,1,2023-09_dos_iv_fsc_pob_visa_class.xlsx,1116
2023,9,FSC,Senegal,IR1,41,2023-09_dos_iv_fsc_pob_visa_class.xlsx,1117
2023,9,FSC,Senegal,IR2,35,2023-09_dos_iv_fsc_pob_visa_class.xlsx,1118
2023,9,FSC,Senegal,IR5,15,2023-09_dos_iv_fsc_pob_visa_class.xlsx,1119
2023,9,FSC,Serbia,CR1,2,2023-09_dos_iv_fsc_pob_visa_class.xlsx,1120
2023,9,FSC,Serbia,E1,1,2023-09_dos_iv_fsc_pob_visa_class.xlsx,1121
2023,9,FSC,Serbia,E2,5,2023-09_dos_iv_fsc_pob_visa_class.xlsx,1122
2023,9,FSC,Serbia,IR1,5,2023-09_dos_iv_fsc_pob_visa_class.xlsx,1123
2023,9,FSC,Serbia,IR2,4,2023-09_dos_iv_fsc_pob_visa_class.xlsx,1124
2023,9,FSC,Serbia,IR5,10,2023-09_dos_iv_fsc_pob_visa_class.xlsx,1125
2023,9,FSC,Sierra Leone,CR1,6,2023-09_dos_iv_fsc_pob_visa_class.xlsx,1126
2023,9,FSC,Sierra Leone,DV,14,2023-09_dos_iv_fsc_pob_visa_class.xlsx,1127
2023,9,FSC,Sierra Leone,F1,3,2023-09_dos_iv_fsc_pob_visa_class.xlsx,1128
2023,9,FSC,Sierra Leone,IR1,11,2023-09_dos_iv_fsc_pob_visa_class.xlsx,1129
2023,9,FSC,Sierra Leone,IR2,17,2023-09_dos_iv_fsc_pob_visa_class.xlsx,1130
2023,9,FSC,Sierra Leone,IR5,14,2023-09_dos_iv_fsc_pob_visa_class.xlsx,1131
2023,9,FSC,Singapore,CR1,1,2023-09_dos_iv_fsc_pob_visa_class.xlsx,1132
2023,9,FSC,Singapore,E1,2,2023-09_dos_iv_fsc_pob_visa_class.xlsx,1133
2023,9,FSC,Singapore,E3,2,2023-09_dos_iv_fsc_pob_visa_class.xlsx,1134
2023,9,FSC,Singapore,F4,1,2023-09_dos_iv_fsc_pob_visa_class.xlsx,1135
2023,9,FSC,Singapore,IR1,4,2023-09_dos_iv_fsc_pob_visa_class.xlsx,1136
2023,9,FSC,Singapore,IR2,1,2023-09_dos_iv_fsc_pob_visa_class.xlsx,1137
2023,9,FSC,Singapore,IR5,1,2023-09_dos_iv_fsc_pob_visa_class.xlsx,1138
2023,9,FSC,Slovakia,CR1,1,2023-09_dos_iv_fsc_pob_visa_class.xlsx,1139
2023,9,FSC,Slovakia,E2,2,2023-09_dos_iv_fsc_pob_visa_class.xlsx,1140
2023,9,FSC,Slovakia,IR1,1,2023-09_dos_iv_fsc_pob_visa_class.xlsx,1141
2023,9,FSC,Slovakia,IR5,3,2023-09_dos_iv_fsc_pob_visa_class.xlsx,1142
2023,9,FSC,Slovenia,IR1,1,2023-09_dos_iv_fsc_pob_visa_class.xlsx,1143
2023,9,FSC,Somalia,CR1,2,2023-09_dos_iv_fsc_pob_visa_class.xlsx,1144
2023,9,FSC,Somalia,DV,42,2023-09_dos_iv_fsc_pob_visa_class.xlsx,1145
2023,9,FSC,Somalia,F1,3,2023-09_dos_iv_fsc_pob_visa_class.xlsx,1146
2023,9,FSC,Somalia,IR1,20,2023-09_dos_iv_fsc_pob_visa_class.xlsx,1147
2023,9,FSC,Somalia,IR2,34,2023-09_dos_iv_fsc_pob_visa_class.xlsx,1148
2023,9,FSC,Somalia,IR5,9,2023-09_dos_iv_fsc_pob_visa_class.xlsx,1149
2023,9,FSC,South Africa,CR1,7,2023-09_dos_iv_fsc_pob_visa_class.xlsx,1150
2023,9,FSC,South Africa,DV,9,2023-09_dos_iv_fsc_pob_visa_class.xlsx,1151
2023,9,FSC,South Africa,E2,3,2023-09_dos_iv_fsc_pob_visa_class.xlsx,1152
2023,9,FSC,South Africa,E3,5,2023-09_dos_iv_fsc_pob_visa_class.xlsx,1153
2023,9,FSC,South Africa,EW,22,2023-09_dos_iv_fsc_pob_visa_class.xlsx,1154
2023,9,FSC,South Africa,F1,3,2023-09_dos_iv_fsc_pob_visa_class.xlsx,1155
2023,9,FSC,South Africa,F3,2,2023-09_dos_iv_fsc_pob_visa_class.xlsx,1156
2023,9,FSC,South Africa,I5,17,2023-09_dos_iv_fsc_pob_visa_class.xlsx,1157
2023,9,FSC,South Africa,IH3,3,2023-09_dos_iv_fsc_pob_visa_class.xlsx,1158
2023,9,FSC,South Africa,IR1,12,2023-09_dos_iv_fsc_pob_visa_class.xlsx,1159
2023,9,FSC,South Africa,IR2,8,2023-09_dos_iv_fsc_pob_visa_class.xlsx,1160
2023,9,FSC,South Africa,IR5,21,2023-09_dos_iv_fsc_pob_visa_class.xlsx,1161
2023,9,FSC,South Africa,SB1,1,2023-09_dos_iv_fsc_pob_visa_class.xlsx,1162
2023,9,FSC,South Sudan,IR1,2,2023-09_dos_iv_fsc_pob_visa_class.xlsx,1163
2023,9,FSC,South Sudan,IR5,1,2023-09_dos_iv_fsc_pob_visa_class.xlsx,1164
2023,9,FSC,Spain,CR1,7,2023-09_dos_iv_fsc_pob_visa_class.xlsx,1165
2023,9,FSC,Spain,E1,5,2023-09_dos_iv_fsc_pob_visa_class.xlsx,1166
2023,9,FSC,Spain,E2,4,2023-09_dos_iv_fsc_pob_visa_class.xlsx,1167
2023,9,FSC,Spain,E3,1,2023-09_dos_iv_fsc_pob_visa_class.xlsx,1168
2023,9,FSC,Spain,F1,1,2023-09_dos_iv_fsc_pob_visa_class.xlsx,1169
2023,9,FSC,Spain,I5,4,2023-09_dos_iv_fsc_pob_visa_class.xlsx,1170
2023,9,FSC,Spain,IR1,11,2023-09_dos_iv_fsc_pob_visa_class.xlsx,1171
2023,9,FSC,Spain,IR2,2,2023-09_dos_iv_fsc_pob_visa_class.xlsx,1172
2023,9,FSC,Spain,IR5,2,2023-09_dos_iv_fsc_pob_visa_class.xlsx,1173
2023,9,FSC,Spain,SB1,1,2023-09_dos_iv_fsc_pob_visa_class.xlsx,1174
2023,9,FSC,Spain,SQ3,1,2023-09_dos_iv_fsc_pob_visa_class.xlsx,1175
2023,9,FSC,Sri Lanka,CR1,15,2023-09_dos_iv_fsc_pob_visa_class.xlsx,1176
2023,9,FSC,Sri Lanka,DV,41,2023-09_dos_iv_fsc_pob_visa_class.xlsx,1177
2023,9,FSC,Sri Lanka,EW,1,2023-09_dos_iv_fsc_pob_visa_class.xlsx,1178
2023,9,FSC,Sri Lanka,F3,5,2023-09_dos_iv_fsc_pob_visa_class.xlsx,1179
2023,9,FSC,Sri Lanka,F4,3,2023-09_dos_iv_fsc_pob_visa_class.xlsx,1180
2023,9,FSC,Sri Lanka,FX,1,2023-09_dos_iv_fsc_pob_visa_class.xlsx,1181
2023,9,FSC,Sri Lanka,IR1,7,2023-09_dos_iv_fsc_pob_visa_class.xlsx,1182
2023,9,FSC,Sri Lanka,IR5,29,2023-09_dos_iv_fsc_pob_visa_class.xlsx,1183
2023,9,FSC,Sudan,CR1,6,2023-09_dos_iv_fsc_pob_visa_class.xlsx,1184
2023,9,FSC,Sudan,DV,350,2023-09_dos_iv_fsc_pob_visa_class.xlsx,1185
2023,9,FSC,Sudan,E1,2,2023-09_dos_iv_fsc_pob_visa_class.xlsx,1186
2023,9,FSC,Sudan,F1,1,2023-09_dos_iv_fsc_pob_visa_class.xlsx,1187
2023,9,FSC,Sudan,F2A,2,2023-09_dos_iv_fsc_pob_visa_class.xlsx,1188
2023,9,FSC,Sudan,F4,3,2023-09_dos_iv_fsc_pob_visa_class.xlsx,1189
2023,9,FSC,Sudan,IR1,58,2023-09_dos_iv_fsc_pob_visa_class.xlsx,1190
2023,9,FSC,Sudan,IR2,15,2023-09_dos_iv_fsc_pob_visa_class.xlsx,1191
2023,9,FSC,Sudan,IR5,45,2023-09_dos_iv_fsc_pob_visa_class.xlsx,1192
2023,9,FSC,Suriname,F2B,4,2023-09_dos_iv_fsc_pob_visa_class.xlsx,1193
2023,9,FSC,Suriname,IR2,1,2023-09_dos_iv_fsc_pob_visa_class.xlsx,1194
2023,9,FSC,Suriname,IR5,2,2023-09_dos_iv_fsc_pob_visa_class.xlsx,1195
2023,9,FSC,Sweden,CR1,2,2023-09_dos_iv_fsc_pob_visa_class.xlsx,1196
2023,9,FSC,Sweden,E1,5,2023-09_dos_iv_fsc_pob_visa_class.xlsx,1197
2023,9,FSC,Sweden,F3,3,2023-09_dos_iv_fsc_pob_visa_class.xlsx,1198
2023,9,FSC,Sweden,IR1,8,2023-09_dos_iv_fsc_pob_visa_class.xlsx,1199
2023,9,FSC,Sweden,IR2,3,2023-09_dos_iv_fsc_pob_visa_class.xlsx,1200
2023,9,FSC,Sweden,IR5,2,2023-09_dos_iv_fsc_pob_visa_class.xlsx,1201
2023,9,FSC,Sweden,IW,1,2023-09_dos_iv_fsc_pob_visa_class.xlsx,1202
2023,9,FSC,Switzerland,CR1,2,2023-09_dos_iv_fsc_pob_visa_class.xlsx,1203
2023,9,FSC,Switzerland,E1,1,2023-09_dos_iv_fsc_pob_visa_class.xlsx,1204
2023,9,FSC,Switzerland,E2,2,2023-09_dos_iv_fsc_pob_visa_class.xlsx,1205
2023,9,FSC,Switzerland,F1,4,2023-09_dos_iv_fsc_pob_visa_class.xlsx,1206
2023,9,FSC,Switzerland,F2A,1,2023-09_dos_iv_fsc_pob_visa_class.xlsx,1207
2023,9,FSC,Switzerland,IR1,1,2023-09_dos_iv_fsc_pob_visa_class.xlsx,1208
2023,9,FSC,Syria,CR1,5,2023-09_dos_iv_fsc_pob_visa_class.xlsx,1209
2023,9,FSC,Syria,DV,4,2023-09_dos_iv_fsc_pob_visa_class.xlsx,1210
2023,9,FSC,Syria,E2,2,2023-09_dos_iv_fsc_pob_visa_class.xlsx,1211
2023,9,FSC,Syria,F1,4,2023-09_dos_iv_fsc_pob_visa_class.xlsx,1212
2023,9,FSC,Syria,F2B,1,2023-09_dos_iv_fsc_pob_visa_class.xlsx,1213
2023,9,FSC,Syria,F3,1,2023-09_dos_iv_fsc_pob_visa_class.xlsx,1214
2023,9,FSC,Syria,F4,7,2023-09_dos_iv_fsc_pob_visa_class.xlsx,1215
2023,9,FSC,Syria,IR1,17,2023-09_dos_iv_fsc_pob_visa_class.xlsx,1216
2023,9,FSC,Syria,IR2,4,2023-09_dos_iv_fsc_pob_visa_class.xlsx,1217
2023,9,FSC,Syria,IR5,64,2023-09_dos_iv_fsc_pob_visa_class.xlsx,1218
2023,9,FSC,Taiwan,CR1,5,2023-09_dos_iv_fsc_pob_visa_class.xlsx,1219
2023,9,FSC,Taiwan,DV,1,2023-09_dos_iv_fsc_pob_visa_class.xlsx,1220
2023,9,FSC,Taiwan,E1,7,2023-09_dos_iv_fsc_pob_visa_class.xlsx,1221
2023,9,FSC,Taiwan,E2,16,2023-09_dos_iv_fsc_pob_visa_class.xlsx,1222
2023,9,FSC,Taiwan,E3,3,2023-09_dos_iv_fsc_pob_visa_class.xlsx,1223
2023,9,FSC,Taiwan,EW,1,2023-09_dos_iv_fsc_pob_visa_class.xlsx,1224
2023,9,FSC,Taiwan,F1,1,2023-09_dos_iv_fsc_pob_visa_class.xlsx,1225
2023,9,FSC,Taiwan,F3,3,2023-09_dos_iv_fsc_pob_visa_class.xlsx,1226
2023,9,FSC,Taiwan,F4,10,2023-09_dos_iv_fsc_pob_visa_class.xlsx,1227
2023,9,FSC,Taiwan,IR1,9,2023-09_dos_iv_fsc_pob_visa_class.xlsx,1228
2023,9,FSC,Taiwan,IR2,2,2023-09_dos_iv_fsc_pob_visa_class.xlsx,1229
2023,9,FSC,Taiwan,IR3,7,2023-09_dos_iv_fsc_pob_visa_class.xlsx,1230
2023,9,FSC,Taiwan,IR5,21,2023-09_dos_iv_fsc_pob_visa_class.xlsx,1231
2023,9,FSC,Taiwan,IW,1,2023-09_dos_iv_fsc_pob_visa_class.xlsx,1232
2023,9,FSC,Taiwan,SB1,3,2023-09_dos_iv_fsc_pob_visa_class.xlsx,1233
2023,9,FSC,Tajikistan,DV,40,2023-09_dos_iv_fsc_pob_visa_class.xlsx,1234
2023,9,FSC,Tajikistan,IR1,2,2023-09_dos_iv_fsc_pob_visa_class.xlsx,1235
2023,9,FSC,Tajikistan,IR2,13,2023-09_dos_iv_fsc_pob_visa_class.xlsx,1236
2023,9,FSC,Tajikistan,IR5,1,2023-09_dos_iv_fsc_pob_visa_class.xlsx,1237
2023,9,FSC,Tanzania,CR1,2,2023-09_dos_iv_fsc_pob_visa_class.xlsx,1238
2023,9,FSC,Tanzania,DV,1,2023-09_dos_iv_fsc_pob_visa_class.xlsx,1239
2023,9,FSC,Tanzania,IR1,6,2023-09_dos_iv_fsc_pob_visa_class.xlsx,1240
2023,9,FSC,Tanzania,IR2,4,2023-09_dos_iv_fsc_pob_visa_class.xlsx,1241
2023,9,FSC,Tanzania,IR3,2,2023-09_dos_iv_fsc_pob_visa_class.xlsx,1242
2023,9,FSC,Tanzania,IR5,3,2023-09_dos_iv_fsc_pob_visa_class.xlsx,1243
2023,9,FSC,Thailand,CR1,25,2023-09_dos_iv_fsc_pob_visa_class.xlsx,1244
2023,9,FSC,Thailand,CR2,1,2023-09_dos_iv_fsc_pob_visa_class.xlsx,1245
2023,9,FSC,Thailand,DV,4,2023-09_dos_iv_fsc_pob_visa_class.xlsx,1246
2023,9,FSC,Thailand,E1,7,2023-09_dos_iv_fsc_pob_visa_class.xlsx,1247
2023,9,FSC,Thailand,E2,12,2023-09_dos_iv_fsc_pob_visa_class.xlsx,1248
2023,9,FSC,Thailand,E3,3,2023-09_dos_iv_fsc_pob_visa_class.xlsx,1249
2023,9,FSC,Thailand,EW,5,2023-09_dos_iv_fsc_pob_visa_class.xlsx,1250
2023,9,FSC,Thailand,F1,8,2023-09_dos_iv_fsc_pob_visa_class.xlsx,1251
2023,9,FSC,Thailand,F2A,1,2023-09_dos_iv_fsc_pob_visa_class.xlsx,1252
2023,9,FSC,Thailand,F2B,1,2023-09_dos_iv_fsc_pob_visa_class.xlsx,1253
2023,9,FSC,Thailand,IH4,1,2023-09_dos_iv_fsc_pob_visa_class.xlsx,1254
2023,9,FSC,Thailand,IR1,28,2023-09_dos_iv_fsc_pob_visa_class.xlsx,1255
2023,9,FSC,Thailand,IR2,23,2023-09_dos_iv_fsc_pob_visa_class.xlsx,1256
2023,9,FSC,Thailand,IR5,15,2023-09_dos_iv_fsc_pob_visa_class.xlsx,1257
2023,9,FSC,Thailand,IW,1,2023-09_dos_iv_fsc_pob_visa_class.xlsx,1258
2023,9,FSC,Thailand,SB1,1,2023-09_dos_iv_fsc_pob_visa_class.xlsx,1259
2023,9,FSC,Togo,CR1,8,2023-09_dos_iv_fsc_pob_visa_class.xlsx,1260
2023,9,FSC,Togo,DV,4,2023-09_dos_iv_fsc_pob_visa_class.xlsx,1261
2023,9,FSC,Togo,F1,3,2023-09_dos_iv_fsc_pob_visa_class.xlsx,1262
2023,9,FSC,Togo,IR1,37,2023-09_dos_iv_fsc_pob_visa_class.xlsx,1263
2023,9,FSC,Togo,IR2,31,2023-09_dos_iv_fsc_pob_visa_class.xlsx,1264
2023,9,FSC,Togo,IR5,39,2023-09_dos_iv_fsc_pob_visa_class.xlsx,1265
2023,9,FSC,Tonga,CR1,1,2023-09_dos_iv_fsc_pob_visa_class.xlsx,1266
2023,9,FSC,Tonga,DV,1,2023-09_dos_iv_fsc_pob_visa_class.xlsx,1267
2023,9,FSC,Tonga,F2A,2,2023-09_dos_iv_fsc_pob_visa_class.xlsx,1268
2023,9,FSC,Tonga,IR1,1,2023-09_dos_iv_fsc_pob_visa_class.xlsx,1269
2023,9,FSC,Trinidad and Tobago,CR1,1,2023-09_dos_iv_fsc_pob_visa_class.xlsx,1270
2023,9,FSC,Trinidad and Tobago,E2,6,2023-09_dos_iv_fsc_pob_visa_class.xlsx,1271
2023,9,FSC,Trinidad and Tobago,E3,1,2023-09_dos_iv_fsc_pob_visa_class.xlsx,1272
2023,9,FSC,Trinidad and Tobago,F1,12,2023-09_dos_iv_fsc_pob_visa_class.xlsx,1273
2023,9,FSC,Trinidad and Tobago,F2B,3,2023-09_dos_iv_fsc_pob_visa_class.xlsx,1274
2023,9,FSC,Trinidad and Tobago,F3,6,2023-09_dos_iv_fsc_pob_visa_class.xlsx,1275
2023,9,FSC,Trinidad and Tobago,IR1,10,2023-09_dos_iv_fsc_pob_visa_class.xlsx,1276
2023,9,FSC,Trinidad and Tobago,IR2,14,2023-09_dos_iv_fsc_pob_visa_class.xlsx,1277
2023,9,FSC,Trinidad and Tobago,IR5,18,2023-09_dos_iv_fsc_pob_visa_class.xlsx,1278
2023,9,FSC,Tunisia,CR1,4,2023-09_dos_iv_fsc_pob_visa_class.xlsx,1279
2023,9,FSC,Tunisia,IR1,3,2023-09_dos_iv_fsc_pob_visa_class.xlsx,1280
2023,9,FSC,Tunisia,IR5,1,2023-09_dos_iv_fsc_pob_visa_class.xlsx,1281
2023,9,FSC,Turkey,CR1,6,2023-09_dos_iv_fsc_pob_visa_class.xlsx,1282
2023,9,FSC,Turkey,CR2,3,2023-09_dos_iv_fsc_pob_visa_class.xlsx,1283
2023,9,FSC,Turkey,DV,64,2023-09_dos_iv_fsc_pob_visa_class.xlsx,1284
2023,9,FSC,Turkey,E1,1,2023-09_dos_iv_fsc_pob_visa_class.xlsx,1285
2023,9,FSC,Turkey,E2,11,2023-09_dos_iv_fsc_pob_visa_class.xlsx,1286
2023,9,FSC,Turkey,E3,4,2023-09_dos_iv_fsc_pob_visa_class.xlsx,1287
2023,9,FSC,Turkey,EW,7,2023-09_dos_iv_fsc_pob_visa_class.xlsx,1288
2023,9,FSC,Turkey,F4,7,2023-09_dos_iv_fsc_pob_visa_class.xlsx,1289
2023,9,FSC,Turkey,IR1,14,2023-09_dos_iv_fsc_pob_visa_class.xlsx,1290
2023,9,FSC,Turkey,IR2,3,2023-09_dos_iv_fsc_pob_visa_class.xlsx,1291
2023,9,FSC,Turkey,IR5,21,2023-09_dos_iv_fsc_pob_visa_class.xlsx,1292
2023,9,FSC,Turkey,SQ3,12,2023-09_dos_iv_fsc_pob_visa_class.xlsx,1293
2023,9,FSC,Turkmenistan,DV,14,2023-09_dos_iv_fsc_pob_visa_class.xlsx,1294
2023,9,FSC,Turkmenistan,EW,4,2023-09_dos_iv_fsc_pob_visa_class.xlsx,1295
2023,9,FSC,Turkmenistan,IR5,1,2023-09_dos_iv_fsc_pob_visa_class.xlsx,1296
2023,9,FSC,Turks and Caicos Islands,CR1,1,2023-09_dos_iv_fsc_pob_visa_class.xlsx,1297
2023,9,FSC,Turks and Caicos Islands,IR5,2,2023-09_dos_iv_fsc_pob_visa_class.xlsx,1298
2023,9,FSC,Uganda,CR1,2,2023-09_dos_iv_fsc_pob_visa_class.xlsx,1299
2023,9,FSC,Uganda,DV,18,2023-09_dos_iv_fsc_pob_visa_class.xlsx,1300
2023,9,FSC,Uganda,F4,2,2023-09_dos_iv_fsc_pob_visa_class.xlsx,1301
2023,9,FSC,Uganda,FX,1,2023-09_dos_iv_fsc_pob_visa_class.xlsx,1302
2023,9,FSC,Uganda,IR1,3,2023-09_dos_iv_fsc_pob_visa_class.xlsx,1303
2023,9,FSC,Uganda,IR2,11,2023-09_dos_iv_fsc_pob_visa_class.xlsx,1304
2023,9,FSC,Uganda,IR5,3,2023-09_dos_iv_fsc_pob_visa_class.xlsx,1305
2023,9,FSC,Uganda,SB1,1,2023-09_dos_iv_fsc_pob_visa_class.xlsx,1306
2023,9,FSC,Ukraine,CR1,4,2023-09_dos_iv_fsc_pob_visa_class.xlsx,1307
2023,9,FSC,Ukraine,DV,29,2023-09_dos_iv_fsc_pob_visa_class.xlsx,1308
2023,9,FSC,Ukraine,E1,3,2023-09_dos_iv_fsc_pob_visa_class.xlsx,1309
2023,9,FSC,Ukraine,E2,5,2023-09_dos_iv_fsc_pob_visa_class.xlsx,1310
2023,9,FSC,Ukraine,E3,1,2023-09_dos_iv_fsc_pob_visa_class.xlsx,1311
2023,9,FSC,Ukraine,F1,2,2023-09_dos_iv_fsc_pob_visa_class.xlsx,1312
2023,9,FSC,Ukraine,F2B,2,2023-09_dos_iv_fsc_pob_visa_class.xlsx,1313
2023,9,FSC,Ukraine,F3,3,2023-09_dos_iv_fsc_pob_visa_class.xlsx,1314
2023,9,FSC,Ukraine,F4,2,2023-09_dos_iv_fsc_pob_visa_class.xlsx,1315
2023,9,FSC,Ukraine,IR1,13,2023-09_dos_iv_fsc_pob_visa_class.xlsx,1316
2023,9,FSC,Ukraine,IR2,3,2023-09_dos_iv_fsc_pob_visa_class.xlsx,1317
2023,9,FSC,Ukraine,IR5,68,2023-09_dos_iv_fsc_pob_visa_class.xlsx,1318
2023,9,FSC,United Arab Emirates,CR1,3,2023-09_dos_iv_fsc_pob_visa_class.xlsx,1319
2023,9,FSC,United Arab Emirates,DV,1,2023-09_dos_iv_fsc_pob_visa_class.xlsx,1320
2023,9,FSC,United Arab Emirates,E1,1,2023-09_dos_iv_fsc_pob_visa_class.xlsx,1321
2023,9,FSC,United Arab Emirates,E2,2,2023-09_dos_iv_fsc_pob_visa_class.xlsx,1322
2023,9,FSC,United Arab Emirates,E3,12,2023-09_dos_iv_fsc_pob_visa_class.xlsx,1323
2023,9,FSC,United Arab Emirates,F1,1,2023-09_dos_iv_fsc_pob_visa_class.xlsx,1324
2023,9,FSC,United Arab Emirates,F2A,2,2023-09_dos_iv_fsc_pob_visa_class.xlsx,1325
2023,9,FSC,United Arab Emirates,F3,3,2023-09_dos_iv_fsc_pob_visa_class.xlsx,1326
2023,9,FSC,United Arab Emirates,F4,1,2023-09_dos_iv_fsc_pob_visa_class.xlsx,1327
2023,9,FSC,United Arab Emirates,IR1,7,2023-09_dos_iv_fsc_pob_visa_class.xlsx,1328
2023,9,FSC,United Arab Emirates,IR2,9,2023-09_dos_iv_fsc_pob_visa_class.xlsx,1329
2023,9,FSC,United Arab Emirates,IR5,1,2023-09_dos_iv_fsc_pob_visa_class.xlsx,1330
2023,9,FSC,United Arab Emirates,SQ3,3,2023-09_dos_iv_fsc_pob_visa_class.xlsx,1331
2023,9,FSC,Uruguay,F2B,1,2023-09_dos_iv_fsc_pob_visa_class.xlsx,1332
2023,9,FSC,Uruguay,IR5,1,2023-09_dos_iv_fsc_pob_visa_class.xlsx,1333
2023,9,FSC,Uruguay,IW,1,2023-09_dos_iv_fsc_pob_visa_class.xlsx,1334
2023,9,FSC,Uzbekistan,CR1,9,2023-09_dos_iv_fsc_pob_visa_class.xlsx,1335
2023,9,FSC,Uzbekistan,DV,38,2023-09_dos_iv_fsc_pob_visa_class.xlsx,1336
2023,9,FSC,Uzbekistan,EW,5,2023-09_dos_iv_fsc_pob_visa_class.xlsx,1337
2023,9,FSC,Uzbekistan,F1,1,2023-09_dos_iv_fsc_pob_visa_class.xlsx,1338
2023,9,FSC,Uzbekistan,F3,1,2023-09_dos_iv_fsc_pob_visa_class.xlsx,1339
2023,9,FSC,Uzbekistan,F4,6,2023-09_dos_iv_fsc_pob_visa_class.xlsx,1340
2023,9,FSC,Uzbekistan,FX,4,2023-09_dos_iv_fsc_pob_visa_class.xlsx,1341
2023,9,FSC,Uzbekistan,IR1,13,2023-09_dos_iv_fsc_pob_visa_class.xlsx,1342
2023,9,FSC,Uzbekistan,IR2,6,2023-09_dos_iv_fsc_pob_visa_class.xlsx,1343
2023,9,FSC,Uzbekistan,IR5,54,2023-09_dos_iv_fsc_pob_visa_class.xlsx,1344
2023,9,FSC,Venezuela,CR1,9,2023-09_dos_iv_fsc_pob_visa_class.xlsx,1345
2023,9,FSC,Venezuela,CR2,4,2023-09_dos_iv_fsc_pob_visa_class.xlsx,1346
2023,9,FSC,Venezuela,E1,9,2023-09_dos_iv_fsc_pob_visa_class.xlsx,1347
2023,9,FSC,Venezuela,E2,62,2023-09_dos_iv_fsc_pob_visa_class.xlsx,1348
2023,9,FSC,Venezuela,E3,12,2023-09_dos_iv_fsc_pob_visa_class.xlsx,1349
2023,9,FSC,Venezuela,EW,9,2023-09_dos_iv_fsc_pob_visa_class.xlsx,1350
2023,9,FSC,Venezuela,F1,11,2023-09_dos_iv_fsc_pob_visa_class.xlsx,1351
2023,9,FSC,Venezuela,F2A,1,2023-09_dos_iv_fsc_pob_visa_class.xlsx,1352
2023,9,FSC,Venezuela,F2B,2,2023-09_dos_iv_fsc_pob_visa_class.xlsx,1353
2023,9,FSC,Venezuela,F3,2,2023-09_dos_iv_fsc_pob_visa_class.xlsx,1354
2023,9,FSC,Venezuela,F4,8,2023-09_dos_iv_fsc_pob_visa_class.xlsx,1355
2023,9,FSC,Venezuela,FX,1,2023-09_dos_iv_fsc_pob_visa_class.xlsx,1356
2023,9,FSC,Venezuela,IR1,30,2023-09_dos_iv_fsc_pob_visa_class.xlsx,1357
2023,9,FSC,Venezuela,IR2,25,2023-09_dos_iv_fsc_pob_visa_class.xlsx,1358
2023,9,FSC,Venezuela,IR5,65,2023-09_dos_iv_fsc_pob_visa_class.xlsx,1359
2023,9,FSC,Venezuela,IW,3,2023-09_dos_iv_fsc_pob_visa_class.xlsx,1360
2023,9,FSC,Venezuela,SB1,1,2023-09_dos_iv_fsc_pob_visa_class.xlsx,1361
2023,9,FSC,Vietnam,AM,7,2023-09_dos_iv_fsc_pob_visa_class.xlsx,1362
2023,9,FSC,Vietnam,CR1,152,2023-09_dos_iv_fsc_pob_visa_class.xlsx,1363
2023,9,FSC,Vietnam,CR2,20,2023-09_dos_iv_fsc_pob_visa_class.xlsx,1364
2023,9,FSC,Vietnam,E1,8,2023-09_dos_iv_fsc_pob_visa_class.xlsx,1365
2023,9,FSC,Vietnam,E2,46,2023-09_dos_iv_fsc_pob_visa_class.xlsx,1366
2023,9,FSC,Vietnam,E3,25,2023-09_dos_iv_fsc_pob_visa_class.xlsx,1367
2023,9,FSC,Vietnam,EW,644,2023-09_dos_iv_fsc_pob_visa_class.xlsx,1368
2023,9,FSC,Vietnam,F1,77,2023-09_dos_iv_fsc_pob_visa_class.xlsx,1369
2023,9,FSC,Vietnam,F2A,67,2023-09_dos_iv_fsc_pob_visa_class.xlsx,1370
2023,9,FSC,Vietnam,F2B,65,2023-09_dos_iv_fsc_pob_visa_class.xlsx,1371
2023,9,FSC,Vietnam,F3,162,2023-09_dos_iv_fsc_pob_visa_class.xlsx,1372
2023,9,FSC,Vietnam,F4,515,2023-09_dos_iv_fsc_pob_visa_class.xlsx,1373
2023,9,FSC,Vietnam,FX,18,2023-09_dos_iv_fsc_pob_visa_class.xlsx,1374
2023,9,FSC,Vietnam,I5,14,2023-09_dos_iv_fsc_pob_visa_class.xlsx,1375
2023,9,FSC,Vietnam,IH3,3,2023-09_dos_iv_fsc_pob_visa_class.xlsx,1376
2023,9,FSC,Vietnam,IR1,96,2023-09_dos_iv_fsc_pob_visa_class.xlsx,1377
2023,9,FSC,Vietnam,IR2,60,2023-09_dos_iv_fsc_pob_visa_class.xlsx,1378
2023,9,FSC,Vietnam,IR5,658,2023-09_dos_iv_fsc_pob_visa_class.xlsx,1379
2023,9,FSC,Vietnam,IW,5,2023-09_dos_iv_fsc_pob_visa_class.xlsx,1380
2023,9,FSC,Vietnam,SB1,9,2023-09_dos_iv_fsc_pob_visa_class.xlsx,1381
2023,9,FSC,Vietnam,SD,1,2023-09_dos_iv_fsc_pob_visa_class.xlsx,1382
2023,9,FSC,Vietnam,SE,1,2023-09_dos_iv_fsc_pob_visa_class.xlsx,1383
2023,9,FSC,Yemen,CR1,5,2023-09_dos_iv_fsc_pob_visa_class.xlsx,1384
2023,9,FSC,Yemen,DV,60,2023-09_dos_iv_fsc_pob_visa_class.xlsx,1385
2023,9,FSC,Yemen,E2,3,2023-09_dos_iv_fsc_pob_visa_class.xlsx,1386
2023,9,FSC,Yemen,F1,2,2023-09_dos_iv_fsc_pob_visa_class.xlsx,1387
2023,9,FSC,Yemen,F3,19,2023-09_dos_iv_fsc_pob_visa_class.xlsx,1388
2023,9,FSC,Yemen,F4,6,2023-09_dos_iv_fsc_pob_visa_class.xlsx,1389
2023,9,FSC,Yemen,FX,7,2023-09_dos_iv_fsc_pob_visa_class.xlsx,1390
2023,9,FSC,Yemen,IR1,111,2023-09_dos_iv_fsc_pob_visa_class.xlsx,1391
2023,9,FSC,Yemen,IR2,80,2023-09_dos_iv_fsc_pob_visa_class.xlsx,1392
2023,9,FSC,Yemen,IR5,40,2023-09_dos_iv_fsc_pob_visa_class.xlsx,1393
2023,9,FSC,Yemen,IW,11,2023-09_dos_iv_fsc_pob_visa_class.xlsx,1394
2023,9,FSC,Zambia,EW,4,2023-09_dos_iv_fsc_pob_visa_class.xlsx,1395
2023,9,FSC,Zambia,F4,2,2023-09_dos_iv_fsc_pob_visa_class.xlsx,1396
2023,9,FSC,Zambia,IR1,2,2023-09_dos_iv_fsc_pob_visa_class.xlsx,1397
2023,9,FSC,Zambia,IR5,2,2023-09_dos_iv_fsc_pob_visa_class.xlsx,1398
2023,9,FSC,Zimbabwe,CR1,2,2023-09_dos_iv_fsc_pob_visa_class.xlsx,1399
2023,9,FSC,Zimbabwe,DV,30,2023-09_dos_iv_fsc_pob_visa_class.xlsx,1400
2023,9,FSC,Zimbabwe,E2,4,2023-09_dos_iv_fsc_pob_visa_class.xlsx,1401
2023,9,FSC,Zimbabwe,E3,5,2023-09_dos_iv_fsc_pob_visa_class.xlsx,1402
2023,9,FSC,Zimbabwe,EW,55,2023-09_dos_iv_fsc_pob_visa_class.xlsx,1403
2023,9,FSC,Zimbabwe,F1,1,2023-09_dos_iv_fsc_pob_visa_class.xlsx,1404
2023,9,FSC,Zimbabwe,F3,1,2023-09_dos_iv_fsc_pob_visa_class.xlsx,1405
2023,9,FSC,Zimbabwe,IR1,3,2023-09_dos_iv_fsc_pob_visa_class.xlsx,1406
2023,9,FSC,Zimbabwe,IR5,3,2023-09_dos_iv_fsc_pob_visa_class.xlsx,1407
